{"stats":{"minecraft:broken":{"minecraft:stone_axe":1,"minecraft:wooden_pickaxe":1},"minecraft:crafted":{"minecraft:crafting_table":2,"minecraft:wooden_pickaxe":1,"minecraft:furnace":1,"minecraft:birch_planks":28,"minecraft:stone_axe":2,"minecraft:stick":28,"minecraft:stone_pickaxe":1,"minecraft:stone_sword":1},"minecraft:used":{"minecraft:cooked_mutton":2,"minecraft:stone_sword":57,"minecraft:stone_pickaxe":38,"minecraft:wooden_pickaxe":59,"minecraft:rotten_flesh":2,"minecraft:dirt":2,"minecraft:crafting_table":3,"minecraft:apple":6,"minecraft:stone_axe":148,"minecraft:cobblestone":9,"born_in_chaos_v1:rotten_fish":1,"minecraft:furnace":1,"minecraft:birch_log":1,"tombstone:gift":1},"minecraft:picked_up":{"minecraft:birch_log":42,"born_in_chaos_v1:corpse_maggot":4,"minecraft:crafting_table":1,"minecraft:feather":4,"minecraft:chicken":3,"minecraft:oak_log":95,"minecraft:shield":1,"minecraft:dirt":5,"minecraft:cooked_mutton":2,"minecraft:apple":6,"minecraft:wheat_seeds":1,"mysticalagriculture:inferium_essence":1,"minecraft:birch_sapling":6,"minecraft:egg":1,"minecraft:stick":18,"apotheosis:gem":2,"minecraft:copper_ingot":1,"minecraft:gravel":1,"tombstone:grave_dust":2,"minecraft:rotten_flesh":7,"gamma_beasts:coal_nugget":7,"born_in_chaos_v1:rotten_fish":1,"minecraft:oak_sapling":25,"minecraft:coal":19,"minecraft:cobblestone":80},"minecraft:mined":{"minecraft:crafting_table":1,"minecraft:grass_block":6,"minecraft:cobblestone":2,"minecraft:birch_log":42,"minecraft:birch_leaves":6,"minecraft:grass":1,"minecraft:oak_log":96,"minecraft:coal_ore":20,"minecraft:gravel":1,"minecraft:stone":75,"minecraft:oak_leaves":22},"minecraft:custom":{"minecraft:interact_with_furnace":1,"minecraft:mob_kills":20,"minecraft:interact_with_crafting_table":5,"minecraft:damage_dealt_resisted":0,"minecraft:time_since_death":4410,"minecraft:time_since_rest":3575,"minecraft:sprint_one_cm":89408,"minecraft:damage_taken":1164,"minecraft:walk_one_cm":114461,"minecraft:drop":5,"minecraft:damage_dealt":2023,"minecraft:swim_one_cm":15619,"minecraft:fly_one_cm":55758,"minecraft:crouch_one_cm":621,"tombstone:undead_killed":6,"minecraft:play_time":38626,"minecraft:deaths":2,"minecraft:sneak_time":425,"minecraft:walk_under_water_one_cm":8546,"minecraft:jump":533,"minecraft:walk_on_water_one_cm":4043,"minecraft:total_world_time":38626,"minecraft:fall_one_cm":7497},"minecraft:killed_by":{"minecraft:husk":1,"realmrpg_demons:chort":1},"minecraft:dropped":{"alexsmobs:animal_dictionary":1,"minecraft:rotten_flesh":1,"evilcraft:flesh_humanoid":1,"patchouli:guide_book":1,"theoneprobe:probenote":1},"minecraft:killed":{"born_in_chaos_v1:maggot":5,"born_in_chaos_v1:zombie_fisherman":1,"evilcraft:poisonous_libelle":1,"minecraft:zombie":4,"minecraft:chicken":3,"born_in_chaos_v1:corpse_fly":5,"undead_revamp2:therod":1}},"DataVersion":3465}