{"stats":{"minecraft:custom":{"minecraft:time_since_rest":21107,"minecraft:sprint_one_cm":38553,"minecraft:walk_one_cm":43756,"minecraft:mob_kills":9,"minecraft:drop":5,"minecraft:damage_dealt":904,"minecraft:swim_one_cm":1250,"minecraft:interact_with_crafting_table":2,"minecraft:player_kills":1,"minecraft:fly_one_cm":28590,"minecraft:crouch_one_cm":420,"minecraft:play_time":21107,"minecraft:sneak_time":123,"minecraft:walk_under_water_one_cm":1271,"minecraft:jump":214,"minecraft:walk_on_water_one_cm":1225,"minecraft:time_since_death":21107,"minecraft:total_world_time":21107,"minecraft:fall_one_cm":1943},"minecraft:picked_up":{"minecraft:birch_log":31,"minecraft:crafting_table":1,"minecraft:andesite":2,"minecraft:leather":5,"minecraft:porkchop":7,"minecraft:oak_log":40,"minecraft:dirt":5,"mysticalagriculture:inferium_essence":1,"minecraft:wheat_seeds":1,"minecraft:beef":6,"minecraft:mutton":2,"minecraft:oak_sapling":12,"twigs:twig":7,"minecraft:birch_sapling":7,"minecraft:white_wool":2,"minecraft:cobblestone":57},"minecraft:mined":{"minecraft:birch_log":32,"minecraft:birch_leaves":3,"minecraft:andesite":2,"minecraft:crafting_table":1,"minecraft:grass":2,"minecraft:grass_block":2,"minecraft:oak_log":40,"minecraft:dirt":3,"minecraft:stone":57,"minecraft:oak_leaves":6},"minecraft:used":{"minecraft:wooden_axe":59,"minecraft:stone_sword":19,"minecraft:birch_sapling":1,"minecraft:wooden_pickaxe":59,"minecraft:stone_axe":12,"minecraft:crafting_table":1,"minecraft:oak_sapling":1},"minecraft:broken":{"minecraft:wooden_axe":1,"minecraft:wooden_pickaxe":1},"minecraft:crafted":{"minecraft:crafting_table":1,"minecraft:stick":34,"minecraft:wooden_pickaxe":1,"minecraft:stone_pickaxe":1,"minecraft:wooden_axe":1,"minecraft:stone_sword":1,"minecraft:birch_planks":60,"minecraft:stone_axe":1},"minecraft:dropped":{"ars_nouveau:worn_notebook":1,"minecraft:andesite":2,"theoneprobe:probenote":1,"patchouli:guide_book":1},"minecraft:killed":{"minecraft:sheep":2,"minecraft:pig":3,"minecraft:cow":4}},"DataVersion":3465}