{"stats":{"minecraft:custom":{"minecraft:mob_kills":75,"minecraft:interact_with_crafting_table":11,"minecraft:open_barrel":134,"minecraft:damage_dealt_resisted":388,"minecraft:time_since_death":25587,"minecraft:climb_one_cm":8779,"minecraft:sprint_one_cm":322010,"minecraft:walk_one_cm":592283,"minecraft:damage_blocked_by_shield":40,"minecraft:drop":25,"minecraft:play_time":153107,"minecraft:deaths":7,"minecraft:sneak_time":2455,"minecraft:walk_under_water_one_cm":33536,"minecraft:jump":1666,"minecraft:total_world_time":153107,"minecraft:walk_on_water_one_cm":61428,"minecraft:interact_with_furnace":10,"tombstone:raider_killed":1,"minecraft:sleep_in_bed":3,"minecraft:time_since_rest":13853,"minecraft:damage_taken":5016,"minecraft:damage_dealt":14750,"minecraft:fly_one_cm":230882,"minecraft:swim_one_cm":48739,"minecraft:player_kills":1,"minecraft:open_chest":11,"minecraft:crouch_one_cm":5363,"tombstone:undead_killed":26,"minecraft:interact_with_smoker":6,"minecraft:fish_caught":3,"minecraft:fall_one_cm":32759},"minecraft:picked_up":{"minecraft:seagrass":3,"minecraft:cocoa_beans":33,"luminousworld:groundpebbles_1":1,"minecraft:crafting_table":3,"minecraft:wheat":12,"croptopia:shrimp":2,"croptopia:kumquat":1,"minecraft:string":14,"minecraft:iron_axe":1,"evilcraft:poison_sac":1,"minecraft:iron_leggings":1,"minecraft:iron_shovel":1,"mysticalagriculture:inferium_essence":12,"untamedwilds:flora_water_hyacinth_item":1,"minecraft:beef":20,"born_in_chaos_v1:gnawed_bones":1,"croptopia:coconut":10,"minecraft:poppy":3,"minecraft:melon_slice":43,"minecraft:sugar_cane":21,"minecraft:birch_sapling":7,"minecraft:furnace":1,"minecraft:egg":3,"minecraft:tipped_arrow":1,"minecraft:stick":1,"apotheosis:gem":3,"born_in_chaos_v1:shattered_skull":3,"minecraft:copper_ingot":1,"minecraft:torch":2,"minecraft:acacia_log":2,"minecraft:spruce_fence":2,"minecraft:porkchop":9,"luminousworld:savannah_soil":25,"tombstone:grave_dust":3,"born_in_chaos_v1:nightmare_claw":1,"born_in_chaos_v1:pieceofdarkmetal":2,"minecraft:arrow":3,"minecraft:rotten_flesh":30,"minecraft:beetroot_seeds":4,"aether:chainmail_gloves":1,"minecraft:hay_block":7,"supplementaries:ash":2,"tombstone:essence_of_undeath":1,"luminousworld:tall_deadbush":2,"minecraft:mutton":3,"minecraft:white_wool":3,"minecraft:cobblestone":95,"born_in_chaos_v1:fused_bone":3,"minecraft:birch_log":31,"born_in_chaos_v1:corpse_maggot":5,"luminousworld:savannah_ground":13,"born_in_chaos_v1:monster_flesh":2,"born_in_chaos_v1:spiritual_dust":3,"minecraft:andesite":2,"minecraft:jungle_log":32,"minecraft:salmon":1,"minecraft:leather":8,"minecraft:potato":9,"paraglider:spirit_orb":2,"minecraft:oak_log":60,"minecraft:yellow_bed":1,"minecraft:gunpowder":3,"minecraft:dirt":11,"minecraft:white_banner":3,"born_in_chaos_v1:monster_skin":1,"minecraft:bone":11,"minecraft:apple":22,"untamedwilds:material_fat":1,"minecraft:wheat_seeds":22,"minecraft:tall_grass":31,"twigs:twig":11,"aquaculture:atlantic_herring":1,"minecraft:pumpkin":2,"productivebees:sugar_cane_nest":1,"born_in_chaos_v1:dark_rod":2,"born_in_chaos_v1:ethereal_spirit":2,"minecraft:dandelion":2,"minecraft:sand":1,"minecraft:white_bed":1,"minecraft:spider_eye":4,"minecraft:barrel":7,"undead_revamp2:acidsack":1,"undead_revamp2:rawbostrox":4,"croptopia:grapefruit":4,"minecraft:bread":1,"minecraft:oak_sapling":15,"minecraft:coal":35},"minecraft:mined":{"minecraft:white_bed":1,"minecraft:oak_sapling":1,"minecraft:spruce_fence":1,"minecraft:grass_block":5,"minecraft:jungle_log":31,"luminousworld:grassvariant_2":3,"bushierflowers:grown_dandelion":1,"luminousworld:savanna_grass_2":3,"minecraft:spawner":1,"minecraft:hay_block":7,"minecraft:furnace":1,"minecraft:barrel":7,"minecraft:andesite":2,"minecraft:pumpkin":2,"minecraft:vine":1,"productivebees:sugar_cane_nest":1,"minecraft:stone":87,"bushierflowers:grown_poppy":1,"luminousworld:savannah_soil":26,"untamedwilds:flora_water_hyacinth":1,"luminousworld:tall_deadbush":2,"upgrade_aquatic:tall_beachgrass":21,"minecraft:crafting_table":3,"luminousworld:savannah_grass_1":3,"minecraft:poppy":1,"minecraft:melon":9,"minecraft:cobblestone":2,"minecraft:potted_oak_sapling":1,"minecraft:sugar_cane":8,"minecraft:wall_torch":1,"dungeonsweaponry:wraith_fire":1,"minecraft:birch_log":32,"minecraft:wheat":2,"minecraft:birch_leaves":3,"minecraft:white_wall_banner":3,"minecraft:yellow_bed":1,"minecraft:grass":44,"minecraft:coal_ore":35,"minecraft:oak_log":60,"ecologics:hanging_coconut":1,"minecraft:cocoa":13,"minecraft:sand":2,"minecraft:dirt":6,"luminousworld:grassvariant_3":1,"upgrade_aquatic:beachgrass":52,"minecraft:stone_bricks":2,"luminousworld:savannah_grass_4":4,"minecraft:oak_leaves":10,"minecraft:fern":8,"luminousworld:savannah_ground":13},"minecraft:used":{"minecraft:trident":30,"minecraft:stone_sword":144,"minecraft:poppy":3,"luminousworld:tall_deadbush":2,"minecraft:shield":1,"croptopia:grapefruit":4,"luminousworld:savannah_ground":9,"minecraft:stone_hoe":12,"minecraft:torch":21,"minecraft:dirt":6,"minecraft:spyglass":10,"minecraft:cocoa_beans":24,"minecraft:spruce_fence":1,"minecraft:wooden_axe":59,"minecraft:birch_sapling":7,"minecraft:jungle_log":19,"minecraft:iron_boots":1,"minecraft:barrel":7,"croptopia:kumquat":1,"luminousworld:savannah_soil":25,"minecraft:furnace":2,"minecraft:oak_sapling":15,"minecraft:egg":1,"minecraft:potato":17,"tombstone:gift":4,"minecraft:cooked_beef":19,"moonsweaponry:stone_scythe":182,"minecraft:seagrass":1,"minecraft:iron_leggings":1,"croptopia:coconut":8,"minecraft:wheat_seeds":38,"minecraft:stone_pickaxe":71,"minecraft:wooden_pickaxe":59,"minecraft:sugar_cane":9,"minecraft:cookie":4,"minecraft:sand":1,"minecraft:crafting_table":4,"minecraft:white_bed":1,"minecraft:apple":4,"minecraft:melon_slice":38,"minecraft:bread":11,"minecraft:stone_axe":111,"minecraft:fishing_rod":11,"minecraft:cobblestone":3,"minecraft:turtle_helmet":1,"minecraft:bucket":1,"minecraft:yellow_bed":2,"minecraft:dandelion":1,"croptopia:shrimp":2},"minecraft:broken":{"minecraft:stone_sword":1,"minecraft:wooden_pickaxe":1,"minecraft:stone_axe":1,"minecraft:wooden_axe":1,"moonsweaponry:stone_scythe":1},"minecraft:crafted":{"minecraft:cookie":72,"minecraft:fishing_rod":1,"minecraft:furnace":1,"minecraft:yellow_bed":1,"minecraft:stone_pickaxe":1,"minecraft:stone_hoe":1,"minecraft:wheat":63,"minecraft:cooked_beef":19,"minecraft:crafting_table":2,"minecraft:wooden_pickaxe":1,"minecraft:bucket":1,"minecraft:birch_planks":60,"minecraft:stone_axe":2,"minecraft:air":0,"moonsweaponry:stone_scythe":2,"minecraft:yellow_dye":1,"minecraft:stick":56,"minecraft:wooden_axe":1,"minecraft:stone_sword":1,"minecraft:white_bed":1,"minecraft:torch":28},"minecraft:killed_by":{"minecraft:player":1,"minecraft:spider":1,"undead_revamp2:thespitter":1,"born_in_chaos_v1:siamese_skeletons":1,"minecraft:zombie":1,"untamedwilds:snake":1},"minecraft:dropped":{"productivebees:sugar_cane_nest":1,"born_in_chaos_v1:monster_flesh":2,"ars_nouveau:worn_notebook":1,"minecraft:seagrass":2,"theoneprobe:probenote":1,"minecraft:iron_leggings":1,"minecraft:tall_grass":31,"minecraft:rotten_flesh":1,"patchouli:guide_book":1,"supplementaries:ash":1,"minecraft:gunpowder":1,"aether:chainmail_gloves":1,"minecraft:beetroot_seeds":4,"minecraft:andesite":2,"luminousworld:groundpebbles_1":1,"mysticalagriculture:inferium_essence":2,"apotheosis:gem":1,"minecraft:beef":1},"minecraft:killed":{"what_gecko:tegu":1,"minecraft:cave_spider":3,"creeperoverhaul:beach_creeper":1,"born_in_chaos_v1:zombie_lumberjack":1,"born_in_chaos_v1:skeleton_demoman":1,"minecraft:spider":6,"luminousworld:sunken_skeleton":1,"undead_revamp2:thesmoker":3,"born_in_chaos_v1:baby_skeleton_minion":3,"undead_revamp2:theswarmer":1,"born_in_chaos_v1:maggot":7,"minecraft:drowned":1,"luminousworld:savannah_zombie":1,"undead_revamp2:thespitter":2,"born_in_chaos_v1:bonescaller":1,"minecraft:pig":4,"undead_revamp2:the_moonflower":1,"untamedwilds:boar":1,"undead_revamp2:theheavy":2,"born_in_chaos_v1:decrepit_skeleton":1,"minecraft:sheep":3,"born_in_chaos_v1:bloody_gadfly":1,"minecraft:pillager":1,"born_in_chaos_v1:zombie_fisherman":1,"undead_revamp2:thesomnolence":3,"alexsmobs:cockroach":1,"minecraft:zombie":4,"evilcraft:poisonous_libelle":1,"born_in_chaos_v1:dread_hound":3,"minecraft:stray":1,"born_in_chaos_v1:dark_vortex":1,"undead_revamp2:theskeeper":1,"born_in_chaos_v1:nightmare_stalker":1,"born_in_chaos_v1:siamese_skeletonsleft":1,"minecraft:cow":9}},"DataVersion":3465}