{"stats":{"minecraft:custom":{"minecraft:jump":49,"minecraft:time_since_rest":9107,"minecraft:crouch_one_cm":420,"minecraft:walk_on_water_one_cm":895,"minecraft:sprint_one_cm":5099,"minecraft:play_time":9107,"minecraft:time_since_death":9107,"minecraft:walk_one_cm":8873,"minecraft:sneak_time":109,"minecraft:total_world_time":9107,"minecraft:walk_under_water_one_cm":1090,"minecraft:drop":3,"minecraft:fall_one_cm":898,"minecraft:fly_one_cm":4703},"minecraft:picked_up":{"minecraft:birch_sapling":3,"minecraft:birch_log":5},"minecraft:mined":{"minecraft:birch_log":5,"minecraft:birch_leaves":1},"minecraft:crafted":{"minecraft:birch_planks":20,"minecraft:crafting_table":1},"minecraft:dropped":{"ars_nouveau:worn_notebook":1,"patchouli:guide_book":1,"theoneprobe:probenote":1}},"DataVersion":3465}