{"stats":{"minecraft:custom":{"minecraft:mob_kills":38,"minecraft:interact_with_crafting_table":14,"minecraft:damage_dealt_resisted":323,"minecraft:leave_game":2,"minecraft:time_since_death":44618,"minecraft:climb_one_cm":3509,"minecraft:sprint_one_cm":210139,"minecraft:walk_one_cm":361387,"minecraft:drop":15,"minecraft:play_time":119112,"minecraft:deaths":7,"minecraft:sneak_time":2898,"minecraft:walk_under_water_one_cm":17060,"minecraft:jump":1777,"minecraft:walk_on_water_one_cm":19345,"minecraft:total_world_time":119112,"minecraft:interact_with_furnace":6,"minecraft:time_since_rest":42749,"minecraft:damage_taken":3085,"minecraft:trigger_trapped_chest":1,"minecraft:damage_dealt":6965,"minecraft:swim_one_cm":40820,"minecraft:fly_one_cm":173494,"minecraft:open_chest":32,"minecraft:crouch_one_cm":4787,"tombstone:undead_killed":21,"minecraft:fall_one_cm":26823},"minecraft:killed":{"undead_revamp2:thehunter":1,"born_in_chaos_v1:zombie_lumberjack":2,"minecraft:spider":1,"born_in_chaos_v1:maggot":5,"minecraft:skeleton":4,"minecraft:chicken":3,"undead_revamp2:therod":1,"minecraft:drowned":1,"undead_revamp2:theheavy":1,"minecraft:sheep":1,"born_in_chaos_v1:zombie_fisherman":1,"evilcraft:poisonous_libelle":1,"minecraft:zombie":6,"iceandfire:ghost":4,"born_in_chaos_v1:corpse_fly":6},"minecraft:broken":{"minecraft:stone_sword":1,"minecraft:wooden_pickaxe":1,"minecraft:stone_axe":1},"minecraft:dropped":{"minecraft:brown_mushroom":1,"minecraft:birch_planks":3,"minecraft:wheat_seeds":1,"crittersandcompanions:clam":1,"minecraft:cobblestone":8,"minecraft:copper_ingot":1,"theoneprobe:probenote":1,"minecraft:gravel":1,"alexsmobs:animal_dictionary":1,"minecraft:rotten_flesh":1,"evilcraft:flesh_humanoid":2,"patchouli:guide_book":1,"apotheosis:gem":1,"minecraft:arrow":1},"minecraft:crafted":{"minecraft:oak_planks":68,"minecraft:fishing_rod":1,"minecraft:cooked_chicken":3,"minecraft:furnace":1,"minecraft:cooked_mutton":2,"minecraft:spruce_slab":18,"born_in_chaos_v1:fried_maggot":4,"minecraft:stone_pickaxe":2,"minecraft:wheat":27,"minecraft:crafting_table":3,"minecraft:spruce_planks":32,"minecraft:wooden_pickaxe":1,"minecraft:birch_planks":28,"minecraft:stone_axe":3,"minecraft:bread":44,"minecraft:air":0,"moonsweaponry:stone_scythe":1,"minecraft:stick":28,"minecraft:stone_sword":1,"minecraft:torch":40},"minecraft:mined":{"gamma_beasts:roble_hoja_1":1,"minecraft:mossy_cobblestone":1,"minecraft:jungle_leaves":2,"minecraft:spruce_trapdoor":2,"minecraft:grass_block":9,"minecraft:spruce_fence":3,"minecraft:hay_block":3,"minecraft:furnace":3,"minecraft:vine":2,"minecraft:stone":86,"minecraft:spruce_slab":1,"minecraft:crafting_table":4,"minecraft:torch":1,"minecraft:chest":1,"minecraft:cobblestone":9,"minecraft:tall_grass":4,"minecraft:potted_oak_sapling":1,"minecraft:birch_log":42,"minecraft:wheat":7,"minecraft:spruce_log":89,"minecraft:birch_leaves":6,"gamma_beasts:thin_oak_log":6,"minecraft:grass":7,"minecraft:coal_ore":71,"minecraft:oak_log":96,"minecraft:cocoa":1,"minecraft:gravel":1,"minecraft:dirt":1,"minecraft:cobweb":1,"minecraft:spruce_fence_gate":3,"minecraft:oak_leaves":30,"minecraft:fern":4},"minecraft:used":{"minecraft:stone_sword":128,"minecraft:spruce_slab":19,"minecraft:chest":1,"born_in_chaos_v1:fried_maggot":4,"minecraft:cooked_chicken":3,"minecraft:rotten_flesh":2,"minecraft:torch":15,"crittersandcompanions:koi_fish":1,"minecraft:dirt":3,"minecraft:spruce_fence":3,"minecraft:furnace":4,"tombstone:gift":2,"minecraft:potato":14,"moonsweaponry:stone_scythe":67,"minecraft:cooked_mutton":4,"minecraft:stone_pickaxe":112,"minecraft:wooden_pickaxe":59,"minecraft:spruce_fence_gate":3,"minecraft:mossy_cobblestone":1,"minecraft:crafting_table":7,"minecraft:flower_pot":1,"minecraft:apple":9,"minecraft:bread":6,"minecraft:brown_wool":1,"minecraft:spruce_trapdoor":2,"minecraft:gravel":1,"minecraft:stone_axe":256,"minecraft:cobblestone":9,"born_in_chaos_v1:rotten_fish":1,"minecraft:birch_log":1},"minecraft:picked_up":{"gamma_beasts:thin_oak_log":6,"minecraft:cocoa_beans":3,"minecraft:crafting_table":4,"minecraft:wheat":109,"minecraft:chicken":3,"minecraft:flower_pot":1,"minecraft:brown_mushroom":1,"minecraft:enchanted_book":1,"minecraft:shield":2,"minecraft:string":3,"mysticalagriculture:inferium_essence":8,"crittersandcompanions:koi_fish":1,"minecraft:jungle_sapling":1,"minecraft:spruce_slab":1,"minecraft:chest":1,"minecraft:birch_sapling":6,"minecraft:spruce_trapdoor":2,"crittersandcompanions:clam":1,"minecraft:egg":10,"minecraft:furnace":3,"minecraft:stick":20,"apotheosis:gem":3,"minecraft:copper_ingot":1,"minecraft:torch":1,"minecraft:spruce_fence":3,"tombstone:grave_dust":7,"minecraft:rotten_flesh":17,"minecraft:arrow":1,"minecraft:hay_block":3,"gamma_beasts:coal_nugget":19,"minecraft:mutton":2,"minecraft:cobblestone":104,"minecraft:birch_log":43,"born_in_chaos_v1:corpse_maggot":4,"minecraft:feather":4,"minecraft:brown_wool":1,"gamma_beasts:green_apple":3,"gamma_beasts:oak_leaf":4,"iceandfire:ectoplasm":3,"minecraft:oak_log":95,"evilcraft:flesh_humanoid":1,"undead_revamp2:huntereye":1,"minecraft:dirt":9,"minecraft:cooked_mutton":2,"minecraft:bone":7,"minecraft:apple":9,"minecraft:wheat_seeds":182,"minecraft:iron_ingot":1,"minecraft:gravel":2,"minecraft:spruce_log":90,"minecraft:dark_oak_log":1,"minecraft:mossy_cobblestone":1,"undead_revamp2:heavytooth":1,"undead_revamp2:rawbostrox":1,"minecraft:spruce_fence_gate":3,"minecraft:oak_sapling":30,"born_in_chaos_v1:rotten_fish":1,"minecraft:coal":70},"minecraft:killed_by":{"minecraft:husk":1,"realmrpg_demons:chort":1,"minecraft:zombie":1,"iceandfire:ghost":4}},"DataVersion":3465}