{"stats":{"minecraft:custom":{"minecraft:mob_kills":45,"minecraft:interact_with_crafting_table":8,"minecraft:open_barrel":38,"minecraft:damage_dealt_resisted":22,"minecraft:time_since_death":4595,"minecraft:climb_one_cm":3010,"minecraft:sprint_one_cm":104686,"minecraft:walk_one_cm":260759,"minecraft:drop":13,"minecraft:play_time":81107,"minecraft:deaths":6,"minecraft:sneak_time":1727,"minecraft:walk_under_water_one_cm":20229,"minecraft:jump":946,"minecraft:total_world_time":81107,"minecraft:walk_on_water_one_cm":23593,"minecraft:interact_with_furnace":10,"tombstone:raider_killed":1,"minecraft:sleep_in_bed":1,"minecraft:time_since_rest":4481,"minecraft:damage_taken":3185,"minecraft:damage_dealt":6695,"minecraft:fly_one_cm":142292,"minecraft:swim_one_cm":9449,"minecraft:player_kills":1,"minecraft:open_chest":3,"minecraft:crouch_one_cm":3845,"tombstone:undead_killed":11,"minecraft:interact_with_smoker":4,"minecraft:fall_one_cm":17694},"minecraft:picked_up":{"luminousworld:groundpebbles_1":1,"minecraft:crafting_table":3,"minecraft:wheat":4,"minecraft:string":10,"minecraft:iron_axe":1,"evilcraft:poison_sac":1,"minecraft:iron_shovel":1,"mysticalagriculture:inferium_essence":7,"minecraft:beef":20,"minecraft:birch_sapling":7,"minecraft:furnace":1,"minecraft:egg":2,"minecraft:stick":1,"apotheosis:gem":1,"born_in_chaos_v1:shattered_skull":1,"minecraft:acacia_log":2,"minecraft:spruce_fence":1,"minecraft:porkchop":9,"luminousworld:savannah_soil":25,"born_in_chaos_v1:nightmare_claw":1,"born_in_chaos_v1:pieceofdarkmetal":2,"minecraft:arrow":1,"minecraft:rotten_flesh":11,"minecraft:beetroot_seeds":4,"supplementaries:ash":2,"tombstone:essence_of_undeath":1,"luminousworld:tall_deadbush":2,"minecraft:mutton":3,"minecraft:white_wool":3,"minecraft:cobblestone":88,"born_in_chaos_v1:fused_bone":3,"minecraft:birch_log":31,"born_in_chaos_v1:corpse_maggot":2,"luminousworld:savannah_ground":13,"minecraft:andesite":2,"minecraft:jungle_log":1,"minecraft:salmon":1,"minecraft:leather":7,"minecraft:oak_log":60,"minecraft:yellow_bed":1,"minecraft:dirt":7,"minecraft:white_banner":3,"minecraft:bone":2,"minecraft:apple":13,"minecraft:wheat_seeds":4,"twigs:twig":9,"born_in_chaos_v1:ethereal_spirit":1,"minecraft:dandelion":2,"minecraft:sand":1,"minecraft:white_bed":1,"minecraft:spider_eye":4,"minecraft:barrel":1,"undead_revamp2:acidsack":1,"minecraft:bread":1,"minecraft:oak_sapling":14,"minecraft:coal":35},"minecraft:mined":{"minecraft:white_bed":1,"minecraft:oak_sapling":1,"minecraft:grass_block":2,"luminousworld:grassvariant_2":3,"bushierflowers:grown_dandelion":1,"luminousworld:savanna_grass_2":3,"minecraft:furnace":1,"minecraft:barrel":1,"minecraft:andesite":2,"minecraft:stone":85,"luminousworld:savannah_soil":26,"luminousworld:tall_deadbush":2,"upgrade_aquatic:tall_beachgrass":21,"minecraft:crafting_table":3,"luminousworld:savannah_grass_1":2,"dungeonsweaponry:wraith_fire":1,"minecraft:birch_log":32,"minecraft:birch_leaves":3,"minecraft:white_wall_banner":3,"minecraft:yellow_bed":1,"minecraft:grass":28,"minecraft:coal_ore":35,"minecraft:oak_log":60,"ecologics:hanging_coconut":1,"minecraft:sand":2,"minecraft:dirt":5,"luminousworld:grassvariant_3":1,"upgrade_aquatic:beachgrass":52,"luminousworld:savannah_grass_4":4,"minecraft:oak_leaves":9,"luminousworld:savannah_ground":13},"minecraft:used":{"minecraft:stone_sword":144,"luminousworld:tall_deadbush":2,"luminousworld:savannah_ground":9,"minecraft:stone_hoe":8,"minecraft:torch":7,"minecraft:dirt":2,"minecraft:spyglass":10,"minecraft:wooden_axe":59,"minecraft:birch_sapling":7,"minecraft:barrel":1,"luminousworld:savannah_soil":25,"minecraft:furnace":2,"minecraft:oak_sapling":14,"tombstone:gift":4,"minecraft:cooked_beef":16,"minecraft:wheat_seeds":4,"minecraft:stone_pickaxe":64,"minecraft:wooden_pickaxe":59,"minecraft:sand":1,"minecraft:crafting_table":3,"minecraft:white_bed":1,"minecraft:bread":1,"minecraft:stone_axe":61,"minecraft:cobblestone":1,"minecraft:yellow_bed":2,"minecraft:dandelion":1},"minecraft:broken":{"minecraft:stone_sword":1,"minecraft:wooden_pickaxe":1,"minecraft:wooden_axe":1},"minecraft:crafted":{"minecraft:fishing_rod":1,"minecraft:furnace":1,"minecraft:yellow_bed":1,"minecraft:stone_pickaxe":1,"minecraft:stone_hoe":1,"minecraft:cooked_beef":19,"minecraft:crafting_table":1,"minecraft:wooden_pickaxe":1,"minecraft:birch_planks":60,"minecraft:stone_axe":1,"minecraft:air":0,"moonsweaponry:stone_scythe":1,"minecraft:yellow_dye":1,"minecraft:stick":54,"minecraft:wooden_axe":1,"minecraft:stone_sword":1,"minecraft:white_bed":1,"minecraft:torch":28},"minecraft:killed_by":{"minecraft:player":1,"minecraft:spider":1,"undead_revamp2:thespitter":1,"born_in_chaos_v1:siamese_skeletons":1,"untamedwilds:snake":1},"minecraft:dropped":{"ars_nouveau:worn_notebook":1,"theoneprobe:probenote":1,"patchouli:guide_book":1,"supplementaries:ash":1,"minecraft:beetroot_seeds":4,"minecraft:andesite":2,"luminousworld:groundpebbles_1":1,"mysticalagriculture:inferium_essence":1,"minecraft:beef":1},"minecraft:killed":{"what_gecko:tegu":1,"born_in_chaos_v1:zombie_lumberjack":1,"minecraft:spider":5,"undead_revamp2:thesmoker":2,"born_in_chaos_v1:maggot":5,"luminousworld:savannah_zombie":1,"undead_revamp2:thespitter":1,"minecraft:pig":4,"undead_revamp2:the_moonflower":1,"minecraft:sheep":3,"minecraft:pillager":1,"born_in_chaos_v1:zombie_fisherman":1,"undead_revamp2:thesomnolence":3,"minecraft:zombie":2,"evilcraft:poisonous_libelle":1,"undead_revamp2:theskeeper":1,"born_in_chaos_v1:nightmare_stalker":1,"born_in_chaos_v1:siamese_skeletonsleft":1,"minecraft:cow":9}},"DataVersion":3465}