{"stats":{"minecraft:custom":{"minecraft:mob_kills":60,"minecraft:interact_with_crafting_table":18,"minecraft:open_barrel":6,"minecraft:damage_dealt_resisted":323,"minecraft:leave_game":4,"minecraft:time_since_death":139061,"minecraft:climb_one_cm":3509,"minecraft:sprint_one_cm":269506,"minecraft:walk_one_cm":493363,"minecraft:drop":30,"minecraft:play_time":213555,"minecraft:sneak_time":3946,"minecraft:deaths":7,"minecraft:walk_under_water_one_cm":26471,"minecraft:jump":2469,"minecraft:walk_on_water_one_cm":30058,"minecraft:total_world_time":213555,"minecraft:interact_with_furnace":9,"tombstone:raider_killed":7,"minecraft:sleep_in_bed":1,"minecraft:time_since_rest":24875,"minecraft:damage_taken":4295,"minecraft:trigger_trapped_chest":1,"minecraft:damage_dealt":11013,"minecraft:swim_one_cm":81057,"minecraft:fly_one_cm":232813,"minecraft:open_chest":36,"minecraft:crouch_one_cm":8388,"tombstone:undead_killed":26,"minecraft:fall_one_cm":40100},"minecraft:killed":{"undead_revamp2:thehunter":1,"born_in_chaos_v1:zombie_lumberjack":2,"minecraft:spider":1,"undead_revamp2:theswarmer":1,"born_in_chaos_v1:maggot":5,"minecraft:skeleton":5,"minecraft:bee":1,"minecraft:chicken":5,"undead_revamp2:therod":1,"minecraft:drowned":1,"minecraft:pig":3,"undead_revamp2:theheavy":1,"minecraft:sheep":1,"minecraft:pillager":7,"born_in_chaos_v1:zombie_fisherman":1,"minecraft:zombie":9,"evilcraft:poisonous_libelle":1,"iceandfire:ghost":4,"born_in_chaos_v1:corpse_fly":6},"minecraft:broken":{"minecraft:stone_sword":1,"minecraft:wooden_pickaxe":1,"minecraft:stone_pickaxe":2,"minecraft:stone_axe":2,"moonsweaponry:stone_scythe":1},"minecraft:dropped":{"minecraft:brown_mushroom":1,"minecraft:birch_planks":3,"minecraft:wheat_seeds":1,"crittersandcompanions:clam":1,"minecraft:cobblestone":8,"minecraft:copper_ingot":1,"minecraft:dirt":11,"theoneprobe:probenote":1,"minecraft:gravel":1,"minecraft:stone_axe":1,"alexsmobs:animal_dictionary":1,"minecraft:chicken":2,"minecraft:rotten_flesh":3,"evilcraft:flesh_humanoid":2,"patchouli:guide_book":1,"apotheosis:gem":1,"minecraft:arrow":1,"minecraft:calcite":4},"minecraft:crafted":{"minecraft:oak_planks":68,"minecraft:fishing_rod":1,"minecraft:cooked_chicken":3,"minecraft:furnace":2,"minecraft:cooked_mutton":2,"minecraft:spruce_slab":18,"born_in_chaos_v1:fried_maggot":4,"minecraft:stone_pickaxe":3,"minecraft:wheat":27,"minecraft:crafting_table":4,"minecraft:spruce_planks":32,"minecraft:wooden_pickaxe":1,"minecraft:birch_planks":28,"minecraft:stone_axe":3,"minecraft:bread":44,"minecraft:air":0,"moonsweaponry:stone_scythe":2,"minecraft:stick":28,"minecraft:iron_ingot":3,"minecraft:iron_pickaxe":1,"minecraft:stone_sword":1,"minecraft:torch":40},"minecraft:mined":{"minecraft:large_amethyst_bud":1,"anthropology_items__structures:limestone":6,"gamma_beasts:roble_hoja_1":1,"minecraft:mossy_cobblestone":1,"farmersdelight:wild_carrots":5,"minecraft:jungle_leaves":2,"minecraft:spruce_trapdoor":2,"minecraft:granite":4,"minecraft:grass_block":17,"minecraft:spruce_fence":3,"luminousworld:grassvariant_2":4,"minecraft:moss_block":1,"minecraft:sandstone":4,"minecraft:sandstone_stairs":2,"minecraft:hay_block":3,"minecraft:furnace":4,"minecraft:iron_ore":9,"minecraft:fire":1,"minecraft:andesite":34,"evilcraft:dark_ore":1,"minecraft:vine":2,"minecraft:stone":151,"minecraft:white_wool":20,"minecraft:spruce_slab":1,"minecraft:red_bed":2,"minecraft:amethyst_cluster":2,"minecraft:crafting_table":7,"minecraft:torch":1,"minecraft:calcite":4,"minecraft:chest":1,"minecraft:tall_grass":5,"minecraft:copper_ore":6,"minecraft:cobblestone":12,"minecraft:potted_oak_sapling":1,"minecraft:diorite":17,"minecraft:wall_torch":1,"minecraft:amethyst_block":3,"minecraft:birch_log":42,"minecraft:wheat":7,"minecraft:spruce_log":89,"minecraft:birch_leaves":6,"gamma_beasts:thin_oak_log":6,"minecraft:grass":16,"minecraft:oak_log":113,"minecraft:coal_ore":119,"minecraft:cocoa":1,"minecraft:gravel":1,"minecraft:dirt":20,"luminousworld:grassvariant_3":1,"minecraft:cobweb":1,"minecraft:smooth_basalt":3,"minecraft:spruce_fence_gate":3,"minecraft:oak_leaves":33,"minecraft:fern":4},"minecraft:used":{"minecraft:stone_sword":128,"minecraft:spruce_slab":19,"minecraft:chest":1,"gamma_beasts:green_apple":2,"minecraft:cooked_chicken":3,"born_in_chaos_v1:fried_maggot":4,"minecraft:rotten_flesh":2,"minecraft:torch":20,"crittersandcompanions:koi_fish":1,"minecraft:dirt":25,"minecraft:spruce_fence":3,"minecraft:smooth_basalt":3,"minecraft:furnace":5,"tombstone:gift":2,"minecraft:potato":14,"moonsweaponry:stone_scythe":149,"minecraft:cooked_mutton":4,"minecraft:stone_pickaxe":322,"minecraft:wooden_pickaxe":59,"minecraft:sandstone":1,"minecraft:spruce_fence_gate":3,"minecraft:mossy_cobblestone":1,"minecraft:crafting_table":10,"minecraft:red_bed":1,"minecraft:flower_pot":1,"minecraft:apple":9,"minecraft:bread":29,"minecraft:brown_wool":1,"minecraft:spruce_trapdoor":2,"minecraft:gravel":1,"minecraft:stone_axe":285,"minecraft:cobblestone":31,"born_in_chaos_v1:rotten_fish":1,"minecraft:andesite":2,"minecraft:birch_log":1},"minecraft:picked_up":{"gamma_beasts:thin_oak_log":6,"minecraft:cocoa_beans":3,"minecraft:crafting_table":7,"minecraft:wheat":109,"minecraft:chicken":5,"minecraft:flower_pot":1,"minecraft:brown_mushroom":1,"minecraft:enchanted_book":1,"minecraft:shield":2,"minecraft:amethyst_block":3,"minecraft:red_bed":2,"minecraft:string":3,"minecraft:raw_copper":20,"mysticalagriculture:inferium_essence":11,"crittersandcompanions:koi_fish":1,"minecraft:calcite":4,"minecraft:jungle_sapling":1,"minecraft:spruce_slab":1,"minecraft:chest":1,"minecraft:birch_sapling":6,"crittersandcompanions:clam":1,"minecraft:spruce_trapdoor":2,"minecraft:furnace":3,"minecraft:egg":10,"minecraft:stick":20,"minecraft:raw_iron":9,"minecraft:sandstone":1,"apotheosis:gem":3,"minecraft:copper_ingot":1,"minecraft:torch":3,"minecraft:spruce_fence":3,"minecraft:porkchop":6,"minecraft:carrot":5,"tombstone:grave_dust":7,"minecraft:diorite":17,"minecraft:arrow":3,"minecraft:rotten_flesh":19,"minecraft:hay_block":3,"minecraft:sandstone_stairs":2,"gamma_beasts:coal_nugget":36,"minecraft:mutton":2,"minecraft:cobblestone":170,"minecraft:white_wool":20,"minecraft:birch_log":43,"born_in_chaos_v1:corpse_maggot":4,"minecraft:feather":8,"minecraft:andesite":34,"minecraft:brown_wool":1,"evilcraft:flesh_humanoid":1,"minecraft:oak_log":111,"gamma_beasts:green_apple":12,"gamma_beasts:oak_leaf":11,"undead_revamp2:huntereye":1,"iceandfire:ectoplasm":3,"anthropology_items__structures:limestone":6,"minecraft:dirt":58,"minecraft:cooked_mutton":2,"minecraft:bone":9,"minecraft:apple":9,"minecraft:wheat_seeds":182,"minecraft:iron_ingot":1,"minecraft:smooth_basalt":3,"minecraft:gravel":2,"minecraft:amethyst_shard":8,"minecraft:spruce_log":90,"minecraft:dark_oak_log":1,"minecraft:mossy_cobblestone":1,"undead_revamp2:heavytooth":1,"undead_revamp2:rawbostrox":1,"minecraft:spruce_fence_gate":3,"minecraft:stone_axe":1,"undead_revamp2:beespheromones":1,"evilcraft:dark_gem":5,"minecraft:granite":4,"minecraft:oak_sapling":30,"born_in_chaos_v1:rotten_fish":1,"minecraft:coal":118},"minecraft:killed_by":{"minecraft:husk":1,"realmrpg_demons:chort":1,"minecraft:zombie":1,"iceandfire:ghost":4}},"DataVersion":3465}