{"stats":{"minecraft:broken":{"minecraft:stone_sword":1,"minecraft:stone_axe":1,"minecraft:wooden_pickaxe":1},"minecraft:crafted":{"minecraft:crafting_table":2,"minecraft:wooden_pickaxe":1,"minecraft:cooked_chicken":3,"minecraft:furnace":1,"minecraft:birch_planks":28,"minecraft:stone_axe":2,"minecraft:air":0,"moonsweaponry:stone_scythe":1,"born_in_chaos_v1:fried_maggot":4,"minecraft:stick":28,"minecraft:stone_pickaxe":1,"minecraft:stone_sword":1,"minecraft:torch":36},"minecraft:used":{"minecraft:cooked_mutton":2,"minecraft:stone_sword":128,"minecraft:stone_pickaxe":105,"minecraft:wooden_pickaxe":59,"born_in_chaos_v1:fried_maggot":4,"minecraft:cooked_chicken":3,"minecraft:rotten_flesh":2,"minecraft:torch":3,"minecraft:dirt":3,"minecraft:crafting_table":5,"minecraft:apple":9,"minecraft:gravel":1,"minecraft:stone_axe":239,"minecraft:cobblestone":9,"born_in_chaos_v1:rotten_fish":1,"minecraft:furnace":1,"minecraft:birch_log":1,"tombstone:gift":1,"moonsweaponry:stone_scythe":15},"minecraft:picked_up":{"minecraft:birch_log":42,"born_in_chaos_v1:corpse_maggot":4,"minecraft:crafting_table":3,"minecraft:feather":4,"minecraft:chicken":3,"minecraft:brown_wool":1,"minecraft:brown_mushroom":1,"minecraft:oak_log":95,"minecraft:shield":1,"minecraft:string":3,"minecraft:dirt":9,"minecraft:cooked_mutton":2,"minecraft:bone":4,"minecraft:apple":9,"minecraft:wheat_seeds":1,"mysticalagriculture:inferium_essence":5,"minecraft:birch_sapling":6,"minecraft:furnace":1,"minecraft:egg":2,"minecraft:stick":20,"apotheosis:gem":2,"minecraft:copper_ingot":1,"minecraft:torch":1,"minecraft:gravel":2,"tombstone:grave_dust":5,"minecraft:spruce_log":89,"undead_revamp2:heavytooth":1,"undead_revamp2:rawbostrox":1,"minecraft:arrow":1,"minecraft:rotten_flesh":12,"gamma_beasts:coal_nugget":19,"born_in_chaos_v1:rotten_fish":1,"minecraft:oak_sapling":29,"minecraft:mutton":2,"minecraft:coal":67,"minecraft:cobblestone":104},"minecraft:mined":{"minecraft:jungle_leaves":1,"minecraft:torch":1,"minecraft:crafting_table":3,"minecraft:grass_block":9,"minecraft:tall_grass":1,"minecraft:cobblestone":9,"minecraft:furnace":1,"minecraft:birch_log":42,"minecraft:spruce_log":89,"minecraft:birch_leaves":6,"minecraft:grass":2,"minecraft:oak_log":96,"minecraft:coal_ore":68,"minecraft:vine":2,"minecraft:gravel":1,"minecraft:dirt":1,"minecraft:cobweb":1,"minecraft:stone":86,"minecraft:oak_leaves":22},"minecraft:custom":{"minecraft:interact_with_furnace":2,"minecraft:mob_kills":28,"minecraft:interact_with_crafting_table":7,"minecraft:damage_dealt_resisted":323,"minecraft:leave_game":1,"minecraft:time_since_death":1192,"minecraft:climb_one_cm":1813,"minecraft:time_since_rest":1,"minecraft:sprint_one_cm":155939,"minecraft:damage_taken":2012,"minecraft:walk_one_cm":193255,"minecraft:trigger_trapped_chest":1,"minecraft:drop":8,"minecraft:damage_dealt":4549,"minecraft:swim_one_cm":22937,"minecraft:fly_one_cm":118826,"minecraft:crouch_one_cm":3922,"tombstone:undead_killed":11,"minecraft:play_time":62774,"minecraft:deaths":5,"minecraft:sneak_time":2638,"minecraft:walk_under_water_one_cm":11090,"minecraft:jump":1077,"minecraft:walk_on_water_one_cm":9558,"minecraft:total_world_time":62774,"minecraft:fall_one_cm":16906},"minecraft:killed_by":{"minecraft:husk":1,"realmrpg_demons:chort":1,"iceandfire:ghost":3},"minecraft:dropped":{"minecraft:gravel":1,"minecraft:brown_mushroom":1,"alexsmobs:animal_dictionary":1,"minecraft:rotten_flesh":1,"evilcraft:flesh_humanoid":1,"patchouli:guide_book":1,"theoneprobe:probenote":1,"minecraft:arrow":1},"minecraft:killed":{"minecraft:spider":1,"undead_revamp2:theheavy":1,"born_in_chaos_v1:maggot":5,"minecraft:sheep":1,"minecraft:skeleton":2,"born_in_chaos_v1:zombie_fisherman":1,"evilcraft:poisonous_libelle":1,"minecraft:zombie":4,"iceandfire:ghost":2,"minecraft:chicken":3,"born_in_chaos_v1:corpse_fly":6,"undead_revamp2:therod":1}},"DataVersion":3465}