{"stats":{"minecraft:custom":{"minecraft:interact_with_furnace":10,"minecraft:mob_kills":30,"tombstone:raider_killed":1,"minecraft:interact_with_crafting_table":5,"minecraft:open_barrel":24,"minecraft:damage_dealt_resisted":0,"minecraft:time_since_death":850,"minecraft:sleep_in_bed":1,"minecraft:climb_one_cm":2582,"minecraft:time_since_rest":300,"minecraft:sprint_one_cm":90329,"minecraft:damage_taken":1670,"minecraft:walk_one_cm":221504,"minecraft:drop":9,"minecraft:damage_dealt":3767,"minecraft:swim_one_cm":1972,"minecraft:fly_one_cm":127417,"minecraft:player_kills":1,"minecraft:open_chest":3,"minecraft:crouch_one_cm":3128,"minecraft:play_time":69107,"tombstone:undead_killed":5,"minecraft:deaths":4,"minecraft:sneak_time":1173,"minecraft:walk_under_water_one_cm":10540,"minecraft:jump":808,"minecraft:interact_with_smoker":4,"minecraft:walk_on_water_one_cm":5801,"minecraft:total_world_time":69107,"minecraft:fall_one_cm":14068},"minecraft:picked_up":{"born_in_chaos_v1:fused_bone":2,"minecraft:birch_log":31,"luminousworld:groundpebbles_1":1,"born_in_chaos_v1:corpse_maggot":2,"luminousworld:savannah_ground":13,"minecraft:crafting_table":3,"minecraft:jungle_log":1,"minecraft:andesite":2,"minecraft:leather":7,"minecraft:oak_log":60,"minecraft:yellow_bed":1,"minecraft:dirt":7,"minecraft:string":5,"minecraft:white_banner":3,"evilcraft:poison_sac":1,"minecraft:apple":13,"minecraft:wheat_seeds":4,"mysticalagriculture:inferium_essence":7,"minecraft:beef":20,"twigs:twig":9,"minecraft:birch_sapling":7,"minecraft:egg":2,"minecraft:furnace":1,"minecraft:stick":1,"apotheosis:gem":1,"minecraft:acacia_log":2,"minecraft:dandelion":2,"minecraft:sand":1,"luminousworld:savannah_soil":25,"minecraft:porkchop":9,"minecraft:white_bed":1,"minecraft:barrel":1,"undead_revamp2:acidsack":1,"minecraft:spider_eye":3,"minecraft:arrow":1,"minecraft:rotten_flesh":5,"luminousworld:tall_deadbush":2,"tombstone:essence_of_undeath":1,"minecraft:bread":1,"supplementaries:ash":2,"minecraft:oak_sapling":14,"minecraft:mutton":3,"minecraft:coal":35,"minecraft:white_wool":3,"minecraft:cobblestone":88},"minecraft:mined":{"luminousworld:savannah_soil":26,"minecraft:white_bed":1,"minecraft:oak_sapling":1,"luminousworld:tall_deadbush":2,"minecraft:crafting_table":3,"luminousworld:savannah_grass_1":2,"minecraft:grass_block":2,"luminousworld:grassvariant_2":3,"bushierflowers:grown_dandelion":1,"luminousworld:savanna_grass_2":3,"minecraft:furnace":1,"dungeonsweaponry:wraith_fire":1,"minecraft:birch_log":32,"minecraft:barrel":1,"minecraft:andesite":2,"minecraft:birch_leaves":3,"minecraft:white_wall_banner":3,"minecraft:yellow_bed":1,"minecraft:grass":28,"ecologics:hanging_coconut":1,"minecraft:oak_log":60,"minecraft:coal_ore":35,"minecraft:sand":1,"minecraft:dirt":5,"luminousworld:grassvariant_3":1,"luminousworld:savannah_grass_4":4,"minecraft:stone":85,"minecraft:oak_leaves":9,"luminousworld:savannah_ground":13},"minecraft:used":{"minecraft:wheat_seeds":4,"minecraft:stone_sword":92,"minecraft:stone_pickaxe":64,"luminousworld:tall_deadbush":2,"minecraft:wooden_pickaxe":59,"minecraft:stone_hoe":8,"luminousworld:savannah_ground":9,"minecraft:torch":7,"minecraft:sand":1,"minecraft:dirt":2,"minecraft:spyglass":10,"minecraft:crafting_table":3,"minecraft:white_bed":1,"minecraft:wooden_axe":59,"minecraft:bread":1,"minecraft:birch_sapling":7,"minecraft:barrel":1,"minecraft:stone_axe":36,"minecraft:cobblestone":1,"luminousworld:savannah_soil":25,"minecraft:oak_sapling":14,"minecraft:furnace":2,"minecraft:yellow_bed":2,"tombstone:gift":2,"minecraft:cooked_beef":5,"minecraft:dandelion":1},"minecraft:broken":{"minecraft:wooden_axe":1,"minecraft:wooden_pickaxe":1},"minecraft:crafted":{"minecraft:cooked_beef":19,"minecraft:crafting_table":1,"minecraft:wooden_pickaxe":1,"minecraft:furnace":1,"minecraft:yellow_bed":1,"minecraft:birch_planks":60,"minecraft:stone_axe":1,"minecraft:air":0,"minecraft:yellow_dye":1,"minecraft:stick":54,"minecraft:stone_pickaxe":1,"minecraft:wooden_axe":1,"minecraft:stone_sword":1,"minecraft:white_bed":1,"minecraft:torch":28,"minecraft:stone_hoe":1},"minecraft:killed_by":{"minecraft:spider":1,"untamedwilds:snake":1,"undead_revamp2:thespitter":1},"minecraft:dropped":{"patchouli:guide_book":1,"supplementaries:ash":1,"ars_nouveau:worn_notebook":1,"mysticalagriculture:inferium_essence":1,"luminousworld:groundpebbles_1":1,"minecraft:andesite":2,"theoneprobe:probenote":1,"minecraft:beef":1},"minecraft:killed":{"minecraft:pig":4,"born_in_chaos_v1:zombie_lumberjack":1,"minecraft:spider":4,"undead_revamp2:thesmoker":1,"born_in_chaos_v1:maggot":2,"minecraft:sheep":3,"minecraft:pillager":1,"evilcraft:poisonous_libelle":1,"minecraft:zombie":1,"luminousworld:savannah_zombie":1,"undead_revamp2:thespitter":1,"minecraft:cow":9}},"DataVersion":3465}