{"stats":{"minecraft:broken":{"minecraft:stone_axe":1,"minecraft:wooden_pickaxe":1},"minecraft:crafted":{"minecraft:crafting_table":2,"minecraft:wooden_pickaxe":1,"minecraft:cooked_chicken":3,"minecraft:furnace":1,"minecraft:birch_planks":28,"minecraft:stone_axe":2,"minecraft:air":0,"born_in_chaos_v1:fried_maggot":4,"minecraft:stick":28,"minecraft:stone_pickaxe":1,"minecraft:stone_sword":1,"minecraft:torch":36},"minecraft:used":{"minecraft:cooked_mutton":2,"minecraft:stone_sword":112,"minecraft:stone_pickaxe":63,"minecraft:wooden_pickaxe":59,"born_in_chaos_v1:fried_maggot":4,"minecraft:cooked_chicken":2,"minecraft:rotten_flesh":2,"minecraft:torch":3,"minecraft:dirt":2,"minecraft:crafting_table":4,"minecraft:apple":9,"minecraft:gravel":1,"minecraft:stone_axe":238,"minecraft:cobblestone":9,"born_in_chaos_v1:rotten_fish":1,"minecraft:furnace":1,"minecraft:birch_log":1,"tombstone:gift":1},"minecraft:picked_up":{"minecraft:birch_log":42,"born_in_chaos_v1:corpse_maggot":4,"minecraft:crafting_table":2,"minecraft:feather":4,"minecraft:chicken":3,"minecraft:brown_mushroom":1,"minecraft:oak_log":95,"minecraft:shield":1,"minecraft:dirt":5,"minecraft:cooked_mutton":2,"minecraft:bone":4,"minecraft:apple":9,"minecraft:wheat_seeds":1,"mysticalagriculture:inferium_essence":4,"minecraft:birch_sapling":6,"minecraft:furnace":1,"minecraft:egg":2,"minecraft:stick":20,"apotheosis:gem":2,"minecraft:copper_ingot":1,"minecraft:gravel":2,"tombstone:grave_dust":3,"minecraft:spruce_log":89,"undead_revamp2:heavytooth":1,"undead_revamp2:rawbostrox":1,"minecraft:arrow":1,"minecraft:rotten_flesh":12,"gamma_beasts:coal_nugget":10,"born_in_chaos_v1:rotten_fish":1,"minecraft:oak_sapling":29,"minecraft:coal":32,"minecraft:cobblestone":97},"minecraft:mined":{"minecraft:crafting_table":2,"minecraft:grass_block":6,"minecraft:cobblestone":9,"minecraft:furnace":1,"minecraft:birch_log":42,"minecraft:spruce_log":89,"minecraft:birch_leaves":6,"minecraft:grass":1,"minecraft:oak_log":96,"minecraft:coal_ore":33,"minecraft:gravel":1,"minecraft:stone":79,"minecraft:oak_leaves":22},"minecraft:custom":{"minecraft:interact_with_furnace":2,"minecraft:mob_kills":23,"minecraft:interact_with_crafting_table":6,"minecraft:damage_dealt_resisted":323,"minecraft:time_since_death":16410,"minecraft:climb_one_cm":48,"minecraft:time_since_rest":15575,"minecraft:sprint_one_cm":104002,"minecraft:damage_taken":1299,"minecraft:walk_one_cm":147663,"minecraft:drop":7,"minecraft:damage_dealt":3376,"minecraft:swim_one_cm":15619,"minecraft:fly_one_cm":72111,"minecraft:crouch_one_cm":3581,"tombstone:undead_killed":9,"minecraft:play_time":50626,"minecraft:deaths":2,"minecraft:sneak_time":2558,"minecraft:walk_under_water_one_cm":8546,"minecraft:jump":704,"minecraft:walk_on_water_one_cm":4043,"minecraft:total_world_time":50626,"minecraft:fall_one_cm":12003},"minecraft:killed_by":{"minecraft:husk":1,"realmrpg_demons:chort":1},"minecraft:dropped":{"minecraft:gravel":1,"minecraft:brown_mushroom":1,"alexsmobs:animal_dictionary":1,"minecraft:rotten_flesh":1,"evilcraft:flesh_humanoid":1,"patchouli:guide_book":1,"theoneprobe:probenote":1},"minecraft:killed":{"undead_revamp2:theheavy":1,"born_in_chaos_v1:maggot":5,"minecraft:skeleton":2,"born_in_chaos_v1:zombie_fisherman":1,"evilcraft:poisonous_libelle":1,"minecraft:zombie":4,"minecraft:chicken":3,"born_in_chaos_v1:corpse_fly":5,"undead_revamp2:therod":1}},"DataVersion":3465}