{"stats":{"minecraft:custom":{"minecraft:interact_with_furnace":5,"minecraft:mob_kills":35,"minecraft:interact_with_crafting_table":7,"minecraft:damage_dealt_resisted":323,"minecraft:leave_game":2,"minecraft:time_since_death":8618,"minecraft:climb_one_cm":2036,"minecraft:time_since_rest":6749,"minecraft:sprint_one_cm":190928,"minecraft:damage_taken":2900,"minecraft:walk_one_cm":247759,"minecraft:trigger_trapped_chest":1,"minecraft:drop":13,"minecraft:damage_dealt":6320,"minecraft:swim_one_cm":33860,"minecraft:fly_one_cm":164879,"minecraft:open_chest":5,"minecraft:play_time":83112,"minecraft:crouch_one_cm":3922,"minecraft:sneak_time":2660,"tombstone:undead_killed":18,"minecraft:deaths":7,"minecraft:walk_under_water_one_cm":12200,"minecraft:jump":1438,"minecraft:walk_on_water_one_cm":16009,"minecraft:total_world_time":83112,"minecraft:fall_one_cm":22231},"minecraft:killed":{"born_in_chaos_v1:zombie_lumberjack":1,"minecraft:spider":1,"undead_revamp2:theheavy":1,"born_in_chaos_v1:maggot":5,"minecraft:sheep":1,"minecraft:skeleton":4,"born_in_chaos_v1:zombie_fisherman":1,"minecraft:zombie":6,"evilcraft:poisonous_libelle":1,"iceandfire:ghost":4,"minecraft:chicken":3,"born_in_chaos_v1:corpse_fly":6,"undead_revamp2:therod":1},"minecraft:broken":{"minecraft:stone_axe":1,"minecraft:stone_sword":1,"minecraft:wooden_pickaxe":1},"minecraft:dropped":{"minecraft:gravel":1,"minecraft:birch_planks":3,"minecraft:brown_mushroom":1,"minecraft:wheat_seeds":1,"alexsmobs:animal_dictionary":1,"minecraft:cobblestone":8,"minecraft:rotten_flesh":1,"minecraft:copper_ingot":1,"evilcraft:flesh_humanoid":2,"patchouli:guide_book":1,"theoneprobe:probenote":1,"minecraft:arrow":1},"minecraft:crafted":{"minecraft:crafting_table":2,"minecraft:cooked_chicken":3,"minecraft:wooden_pickaxe":1,"minecraft:furnace":1,"minecraft:birch_planks":28,"minecraft:stone_axe":2,"minecraft:cooked_mutton":2,"minecraft:air":0,"moonsweaponry:stone_scythe":1,"minecraft:stick":28,"born_in_chaos_v1:fried_maggot":4,"minecraft:stone_pickaxe":1,"minecraft:stone_sword":1,"minecraft:torch":40},"minecraft:mined":{"minecraft:jungle_leaves":1,"minecraft:crafting_table":3,"minecraft:torch":1,"minecraft:grass_block":9,"minecraft:tall_grass":1,"minecraft:cobblestone":9,"minecraft:furnace":2,"minecraft:birch_log":42,"minecraft:spruce_log":89,"minecraft:birch_leaves":6,"minecraft:grass":2,"minecraft:oak_log":96,"minecraft:coal_ore":68,"minecraft:cocoa":1,"minecraft:vine":2,"minecraft:gravel":1,"minecraft:dirt":1,"minecraft:cobweb":1,"minecraft:stone":86,"minecraft:oak_leaves":22,"minecraft:fern":2},"minecraft:used":{"minecraft:cooked_mutton":4,"minecraft:stone_sword":128,"minecraft:stone_pickaxe":106,"minecraft:wooden_pickaxe":59,"born_in_chaos_v1:fried_maggot":4,"minecraft:cooked_chicken":3,"minecraft:rotten_flesh":2,"minecraft:torch":3,"crittersandcompanions:koi_fish":1,"minecraft:dirt":3,"minecraft:crafting_table":5,"minecraft:apple":9,"minecraft:bread":3,"minecraft:brown_wool":1,"minecraft:gravel":1,"minecraft:stone_axe":239,"minecraft:cobblestone":9,"born_in_chaos_v1:rotten_fish":1,"minecraft:furnace":2,"minecraft:birch_log":1,"tombstone:gift":2,"moonsweaponry:stone_scythe":52},"minecraft:picked_up":{"minecraft:birch_log":42,"born_in_chaos_v1:corpse_maggot":4,"minecraft:cocoa_beans":3,"minecraft:crafting_table":3,"minecraft:wheat":26,"minecraft:feather":4,"minecraft:chicken":3,"minecraft:brown_wool":1,"minecraft:brown_mushroom":1,"minecraft:enchanted_book":1,"minecraft:oak_log":95,"evilcraft:flesh_humanoid":1,"iceandfire:ectoplasm":3,"minecraft:shield":2,"minecraft:dirt":9,"minecraft:string":3,"minecraft:cooked_mutton":2,"minecraft:bone":7,"minecraft:apple":9,"minecraft:wheat_seeds":41,"mysticalagriculture:inferium_essence":8,"crittersandcompanions:koi_fish":1,"minecraft:birch_sapling":6,"minecraft:furnace":2,"minecraft:egg":3,"minecraft:stick":20,"apotheosis:gem":3,"minecraft:copper_ingot":1,"minecraft:torch":1,"minecraft:gravel":2,"tombstone:grave_dust":7,"minecraft:spruce_log":89,"minecraft:dark_oak_log":1,"undead_revamp2:heavytooth":1,"undead_revamp2:rawbostrox":1,"minecraft:arrow":1,"minecraft:rotten_flesh":15,"gamma_beasts:coal_nugget":19,"born_in_chaos_v1:rotten_fish":1,"minecraft:oak_sapling":29,"minecraft:mutton":2,"minecraft:coal":67,"minecraft:cobblestone":104},"minecraft:killed_by":{"minecraft:husk":1,"realmrpg_demons:chort":1,"minecraft:zombie":1,"iceandfire:ghost":4}},"DataVersion":3465}