{"stats":{"minecraft:broken":{"minecraft:wooden_pickaxe":1},"minecraft:crafted":{"minecraft:birch_planks":28,"minecraft:stone_axe":1,"minecraft:crafting_table":1,"minecraft:stick":16,"minecraft:wooden_pickaxe":1,"minecraft:stone_pickaxe":1,"minecraft:stone_sword":1},"minecraft:used":{"minecraft:cobblestone":2,"minecraft:crafting_table":1,"minecraft:stone_pickaxe":12,"minecraft:birch_log":1,"minecraft:wooden_pickaxe":59},"minecraft:picked_up":{"minecraft:birch_log":8,"minecraft:rotten_flesh":1,"minecraft:copper_ingot":1,"gamma_beasts:coal_nugget":1,"minecraft:birch_sapling":2,"minecraft:cobblestone":74},"minecraft:mined":{"minecraft:birch_log":8,"minecraft:stone":71,"minecraft:birch_leaves":2},"minecraft:custom":{"minecraft:time_since_rest":5370,"minecraft:crouch_one_cm":45,"minecraft:deaths":1,"minecraft:damage_taken":250,"minecraft:play_time":14626,"minecraft:sprint_one_cm":11806,"tombstone:undead_killed":1,"minecraft:walk_one_cm":32911,"minecraft:sneak_time":44,"minecraft:mob_kills":1,"minecraft:drop":5,"minecraft:jump":63,"minecraft:damage_dealt":59,"minecraft:time_since_death":5632,"minecraft:total_world_time":14626,"minecraft:interact_with_crafting_table":3,"minecraft:fall_one_cm":894,"minecraft:fly_one_cm":13441},"minecraft:killed_by":{"realmrpg_demons:chort":1},"minecraft:dropped":{"theoneprobe:probenote":1,"minecraft:rotten_flesh":1,"alexsmobs:animal_dictionary":1,"evilcraft:flesh_humanoid":1,"patchouli:guide_book":1},"minecraft:killed":{"undead_revamp2:therod":1}},"DataVersion":3465}