{"stats":{"minecraft:custom":{"minecraft:mob_kills":47,"minecraft:interact_with_crafting_table":8,"minecraft:open_barrel":51,"minecraft:damage_dealt_resisted":203,"minecraft:time_since_death":16595,"minecraft:climb_one_cm":4024,"minecraft:sprint_one_cm":142950,"minecraft:walk_one_cm":315790,"minecraft:drop":14,"minecraft:play_time":93107,"minecraft:deaths":6,"minecraft:sneak_time":1868,"minecraft:walk_under_water_one_cm":20413,"minecraft:jump":1217,"minecraft:total_world_time":93107,"minecraft:walk_on_water_one_cm":24839,"minecraft:interact_with_furnace":10,"tombstone:raider_killed":1,"minecraft:sleep_in_bed":1,"minecraft:time_since_rest":16481,"minecraft:damage_taken":3438,"minecraft:damage_dealt":7887,"minecraft:fly_one_cm":177361,"minecraft:swim_one_cm":13506,"minecraft:player_kills":1,"minecraft:open_chest":3,"minecraft:crouch_one_cm":4089,"tombstone:undead_killed":12,"minecraft:interact_with_smoker":4,"minecraft:fall_one_cm":20378},"minecraft:picked_up":{"minecraft:cocoa_beans":9,"luminousworld:groundpebbles_1":1,"minecraft:crafting_table":3,"minecraft:wheat":4,"croptopia:kumquat":1,"minecraft:string":10,"minecraft:iron_axe":1,"evilcraft:poison_sac":1,"minecraft:iron_shovel":1,"mysticalagriculture:inferium_essence":9,"minecraft:beef":20,"croptopia:coconut":6,"minecraft:poppy":3,"minecraft:birch_sapling":7,"minecraft:furnace":1,"minecraft:egg":2,"minecraft:stick":1,"apotheosis:gem":1,"born_in_chaos_v1:shattered_skull":1,"minecraft:acacia_log":2,"minecraft:spruce_fence":1,"minecraft:porkchop":9,"luminousworld:savannah_soil":25,"born_in_chaos_v1:nightmare_claw":1,"born_in_chaos_v1:pieceofdarkmetal":2,"minecraft:arrow":1,"minecraft:rotten_flesh":16,"minecraft:beetroot_seeds":4,"supplementaries:ash":2,"tombstone:essence_of_undeath":1,"luminousworld:tall_deadbush":2,"minecraft:mutton":3,"minecraft:white_wool":3,"minecraft:cobblestone":92,"born_in_chaos_v1:fused_bone":3,"minecraft:birch_log":31,"born_in_chaos_v1:corpse_maggot":2,"luminousworld:savannah_ground":13,"minecraft:andesite":2,"minecraft:jungle_log":28,"minecraft:salmon":1,"minecraft:leather":8,"minecraft:oak_log":60,"minecraft:yellow_bed":1,"minecraft:dirt":7,"minecraft:white_banner":3,"minecraft:bone":2,"minecraft:apple":13,"untamedwilds:material_fat":1,"minecraft:wheat_seeds":5,"twigs:twig":11,"born_in_chaos_v1:ethereal_spirit":1,"minecraft:dandelion":2,"minecraft:sand":1,"minecraft:white_bed":1,"minecraft:spider_eye":4,"minecraft:barrel":1,"undead_revamp2:acidsack":1,"undead_revamp2:rawbostrox":3,"croptopia:grapefruit":4,"minecraft:bread":1,"minecraft:oak_sapling":15,"minecraft:coal":35},"minecraft:mined":{"minecraft:white_bed":1,"minecraft:oak_sapling":1,"minecraft:grass_block":2,"minecraft:jungle_log":27,"luminousworld:grassvariant_2":3,"bushierflowers:grown_dandelion":1,"luminousworld:savanna_grass_2":3,"minecraft:furnace":1,"minecraft:barrel":1,"minecraft:andesite":2,"minecraft:stone":85,"bushierflowers:grown_poppy":1,"luminousworld:savannah_soil":26,"luminousworld:tall_deadbush":2,"upgrade_aquatic:tall_beachgrass":21,"minecraft:crafting_table":3,"luminousworld:savannah_grass_1":2,"minecraft:poppy":1,"dungeonsweaponry:wraith_fire":1,"minecraft:birch_log":32,"minecraft:birch_leaves":3,"minecraft:white_wall_banner":3,"minecraft:yellow_bed":1,"minecraft:grass":36,"minecraft:coal_ore":35,"minecraft:oak_log":60,"ecologics:hanging_coconut":1,"minecraft:cocoa":5,"minecraft:sand":2,"minecraft:dirt":5,"luminousworld:grassvariant_3":1,"upgrade_aquatic:beachgrass":52,"luminousworld:savannah_grass_4":4,"minecraft:oak_leaves":9,"minecraft:fern":3,"luminousworld:savannah_ground":13},"minecraft:used":{"minecraft:stone_sword":144,"minecraft:poppy":3,"luminousworld:tall_deadbush":2,"croptopia:grapefruit":4,"luminousworld:savannah_ground":9,"minecraft:stone_hoe":9,"minecraft:torch":7,"minecraft:dirt":2,"minecraft:spyglass":10,"minecraft:wooden_axe":59,"minecraft:birch_sapling":7,"minecraft:jungle_log":7,"minecraft:iron_boots":1,"minecraft:barrel":1,"croptopia:kumquat":1,"luminousworld:savannah_soil":25,"minecraft:furnace":2,"minecraft:oak_sapling":15,"tombstone:gift":4,"minecraft:cooked_beef":18,"moonsweaponry:stone_scythe":46,"croptopia:coconut":6,"minecraft:wheat_seeds":4,"minecraft:stone_pickaxe":64,"minecraft:wooden_pickaxe":59,"minecraft:sand":1,"minecraft:crafting_table":3,"minecraft:white_bed":1,"minecraft:bread":1,"minecraft:stone_axe":88,"minecraft:cobblestone":1,"minecraft:yellow_bed":2,"minecraft:dandelion":1},"minecraft:broken":{"minecraft:stone_sword":1,"minecraft:wooden_pickaxe":1,"minecraft:wooden_axe":1},"minecraft:crafted":{"minecraft:fishing_rod":1,"minecraft:furnace":1,"minecraft:yellow_bed":1,"minecraft:stone_pickaxe":1,"minecraft:stone_hoe":1,"minecraft:cooked_beef":19,"minecraft:crafting_table":1,"minecraft:wooden_pickaxe":1,"minecraft:birch_planks":60,"minecraft:stone_axe":1,"minecraft:air":0,"moonsweaponry:stone_scythe":1,"minecraft:yellow_dye":1,"minecraft:stick":54,"minecraft:wooden_axe":1,"minecraft:stone_sword":1,"minecraft:white_bed":1,"minecraft:torch":28},"minecraft:killed_by":{"minecraft:player":1,"minecraft:spider":1,"undead_revamp2:thespitter":1,"born_in_chaos_v1:siamese_skeletons":1,"untamedwilds:snake":1},"minecraft:dropped":{"ars_nouveau:worn_notebook":1,"theoneprobe:probenote":1,"patchouli:guide_book":1,"supplementaries:ash":1,"minecraft:beetroot_seeds":4,"minecraft:andesite":2,"luminousworld:groundpebbles_1":1,"mysticalagriculture:inferium_essence":2,"minecraft:beef":1},"minecraft:killed":{"what_gecko:tegu":1,"born_in_chaos_v1:zombie_lumberjack":1,"minecraft:spider":5,"undead_revamp2:thesmoker":2,"born_in_chaos_v1:maggot":5,"luminousworld:savannah_zombie":1,"undead_revamp2:thespitter":1,"minecraft:pig":4,"undead_revamp2:the_moonflower":1,"untamedwilds:boar":1,"undead_revamp2:theheavy":1,"minecraft:sheep":3,"minecraft:pillager":1,"born_in_chaos_v1:zombie_fisherman":1,"undead_revamp2:thesomnolence":3,"minecraft:zombie":2,"evilcraft:poisonous_libelle":1,"undead_revamp2:theskeeper":1,"born_in_chaos_v1:nightmare_stalker":1,"born_in_chaos_v1:siamese_skeletonsleft":1,"minecraft:cow":9}},"DataVersion":3465}