{"stats":{"minecraft:custom":{"minecraft:interact_with_furnace":10,"minecraft:mob_kills":27,"tombstone:raider_killed":1,"minecraft:interact_with_crafting_table":5,"minecraft:open_barrel":23,"minecraft:damage_dealt_resisted":0,"minecraft:time_since_death":3712,"minecraft:climb_one_cm":1447,"minecraft:time_since_rest":3344,"minecraft:sprint_one_cm":78054,"minecraft:damage_taken":1125,"minecraft:walk_one_cm":156065,"minecraft:drop":6,"minecraft:damage_dealt":3411,"minecraft:swim_one_cm":1972,"minecraft:fly_one_cm":109610,"minecraft:player_kills":1,"minecraft:open_chest":3,"minecraft:crouch_one_cm":1078,"minecraft:play_time":57107,"tombstone:undead_killed":5,"minecraft:deaths":3,"minecraft:sneak_time":695,"minecraft:walk_under_water_one_cm":7626,"minecraft:jump":602,"minecraft:interact_with_smoker":3,"minecraft:walk_on_water_one_cm":4182,"minecraft:total_world_time":57107,"minecraft:fall_one_cm":10587},"minecraft:picked_up":{"minecraft:birch_log":31,"born_in_chaos_v1:corpse_maggot":2,"minecraft:crafting_table":3,"minecraft:jungle_log":1,"minecraft:andesite":2,"minecraft:leather":7,"minecraft:oak_log":51,"minecraft:yellow_bed":1,"minecraft:dirt":5,"minecraft:string":1,"minecraft:apple":13,"minecraft:wheat_seeds":4,"mysticalagriculture:inferium_essence":6,"minecraft:beef":20,"twigs:twig":7,"minecraft:birch_sapling":7,"minecraft:egg":2,"minecraft:furnace":1,"minecraft:stick":1,"minecraft:acacia_log":2,"minecraft:dandelion":2,"minecraft:porkchop":9,"minecraft:white_bed":1,"minecraft:barrel":1,"undead_revamp2:acidsack":1,"minecraft:spider_eye":1,"minecraft:arrow":1,"minecraft:rotten_flesh":5,"tombstone:essence_of_undeath":1,"minecraft:bread":1,"supplementaries:ash":1,"minecraft:oak_sapling":13,"minecraft:mutton":3,"minecraft:coal":31,"minecraft:white_wool":3,"minecraft:cobblestone":87},"minecraft:used":{"minecraft:stone_sword":83,"minecraft:stone_pickaxe":59,"minecraft:wooden_pickaxe":59,"minecraft:torch":6,"minecraft:spyglass":10,"minecraft:crafting_table":3,"minecraft:white_bed":1,"minecraft:wooden_axe":59,"minecraft:bread":1,"minecraft:birch_sapling":7,"minecraft:barrel":1,"minecraft:stone_axe":27,"minecraft:cobblestone":1,"minecraft:oak_sapling":13,"minecraft:furnace":2,"minecraft:yellow_bed":2,"tombstone:gift":2,"minecraft:cooked_beef":3,"minecraft:dandelion":1},"minecraft:mined":{"minecraft:white_bed":1,"minecraft:oak_sapling":1,"minecraft:crafting_table":3,"luminousworld:savannah_grass_1":1,"minecraft:grass_block":2,"luminousworld:grassvariant_2":3,"bushierflowers:grown_dandelion":1,"minecraft:furnace":1,"dungeonsweaponry:wraith_fire":1,"minecraft:birch_log":32,"minecraft:barrel":1,"minecraft:andesite":2,"minecraft:birch_leaves":3,"minecraft:yellow_bed":1,"minecraft:grass":27,"ecologics:hanging_coconut":1,"minecraft:oak_log":51,"minecraft:coal_ore":31,"minecraft:dirt":3,"luminousworld:grassvariant_3":1,"minecraft:stone":84,"minecraft:oak_leaves":7},"minecraft:broken":{"minecraft:wooden_axe":1,"minecraft:wooden_pickaxe":1},"minecraft:crafted":{"minecraft:cooked_beef":13,"minecraft:crafting_table":1,"minecraft:wooden_pickaxe":1,"minecraft:furnace":1,"minecraft:yellow_bed":1,"minecraft:birch_planks":60,"minecraft:stone_axe":1,"minecraft:air":0,"minecraft:yellow_dye":1,"minecraft:stick":50,"minecraft:stone_pickaxe":1,"minecraft:wooden_axe":1,"minecraft:stone_sword":1,"minecraft:white_bed":1,"minecraft:torch":28,"minecraft:stone_hoe":1},"minecraft:killed_by":{"minecraft:spider":1,"undead_revamp2:thespitter":1},"minecraft:dropped":{"patchouli:guide_book":1,"ars_nouveau:worn_notebook":1,"minecraft:andesite":2,"theoneprobe:probenote":1,"minecraft:beef":1},"minecraft:killed":{"minecraft:pig":4,"born_in_chaos_v1:zombie_lumberjack":1,"minecraft:spider":2,"undead_revamp2:thesmoker":1,"born_in_chaos_v1:maggot":2,"minecraft:sheep":3,"minecraft:pillager":1,"minecraft:zombie":1,"luminousworld:savannah_zombie":1,"undead_revamp2:thespitter":1,"minecraft:cow":9}},"DataVersion":3465}