{"stats":{"minecraft:custom":{"minecraft:mob_kills":47,"minecraft:open_barrel":6,"minecraft:interact_with_crafting_table":15,"minecraft:damage_dealt_resisted":323,"minecraft:leave_game":3,"minecraft:time_since_death":93924,"minecraft:climb_one_cm":3509,"minecraft:sprint_one_cm":238959,"minecraft:walk_one_cm":431867,"minecraft:drop":15,"minecraft:play_time":168418,"minecraft:deaths":7,"minecraft:sneak_time":3511,"minecraft:walk_under_water_one_cm":26367,"minecraft:jump":2163,"minecraft:walk_on_water_one_cm":29852,"minecraft:total_world_time":168418,"minecraft:interact_with_furnace":6,"minecraft:time_since_rest":92055,"minecraft:damage_taken":3360,"minecraft:trigger_trapped_chest":1,"minecraft:damage_dealt":8283,"minecraft:swim_one_cm":80196,"minecraft:fly_one_cm":205440,"minecraft:open_chest":35,"minecraft:crouch_one_cm":6934,"tombstone:undead_killed":24,"minecraft:fall_one_cm":34245},"minecraft:killed":{"undead_revamp2:thehunter":1,"born_in_chaos_v1:zombie_lumberjack":2,"minecraft:spider":1,"undead_revamp2:theswarmer":1,"born_in_chaos_v1:maggot":5,"minecraft:skeleton":5,"minecraft:bee":1,"minecraft:chicken":5,"undead_revamp2:therod":1,"minecraft:drowned":1,"minecraft:pig":3,"undead_revamp2:theheavy":1,"minecraft:sheep":1,"born_in_chaos_v1:zombie_fisherman":1,"evilcraft:poisonous_libelle":1,"minecraft:zombie":7,"iceandfire:ghost":4,"born_in_chaos_v1:corpse_fly":6},"minecraft:broken":{"minecraft:stone_sword":1,"minecraft:wooden_pickaxe":1,"minecraft:stone_pickaxe":2,"minecraft:stone_axe":2},"minecraft:dropped":{"minecraft:brown_mushroom":1,"minecraft:birch_planks":3,"minecraft:wheat_seeds":1,"crittersandcompanions:clam":1,"minecraft:cobblestone":8,"minecraft:copper_ingot":1,"theoneprobe:probenote":1,"minecraft:gravel":1,"alexsmobs:animal_dictionary":1,"minecraft:rotten_flesh":1,"evilcraft:flesh_humanoid":2,"patchouli:guide_book":1,"apotheosis:gem":1,"minecraft:arrow":1},"minecraft:crafted":{"minecraft:oak_planks":68,"minecraft:fishing_rod":1,"minecraft:cooked_chicken":3,"minecraft:furnace":1,"minecraft:cooked_mutton":2,"minecraft:spruce_slab":18,"born_in_chaos_v1:fried_maggot":4,"minecraft:stone_pickaxe":3,"minecraft:wheat":27,"minecraft:crafting_table":4,"minecraft:spruce_planks":32,"minecraft:wooden_pickaxe":1,"minecraft:birch_planks":28,"minecraft:stone_axe":3,"minecraft:bread":44,"minecraft:air":0,"moonsweaponry:stone_scythe":1,"minecraft:stick":28,"minecraft:stone_sword":1,"minecraft:torch":40},"minecraft:mined":{"minecraft:large_amethyst_bud":1,"anthropology_items__structures:limestone":6,"gamma_beasts:roble_hoja_1":1,"minecraft:mossy_cobblestone":1,"farmersdelight:wild_carrots":5,"minecraft:jungle_leaves":2,"minecraft:spruce_trapdoor":2,"minecraft:granite":4,"minecraft:grass_block":12,"minecraft:spruce_fence":3,"minecraft:moss_block":1,"minecraft:sandstone":4,"minecraft:sandstone_stairs":2,"minecraft:hay_block":3,"minecraft:furnace":3,"minecraft:iron_ore":8,"minecraft:fire":1,"minecraft:andesite":34,"minecraft:vine":2,"minecraft:stone":144,"minecraft:white_wool":19,"minecraft:spruce_slab":1,"minecraft:red_bed":1,"minecraft:amethyst_cluster":2,"minecraft:crafting_table":5,"minecraft:torch":1,"minecraft:calcite":4,"minecraft:chest":1,"minecraft:copper_ore":5,"minecraft:cobblestone":12,"minecraft:tall_grass":4,"minecraft:potted_oak_sapling":1,"minecraft:diorite":17,"minecraft:wall_torch":1,"minecraft:amethyst_block":3,"minecraft:birch_log":42,"minecraft:wheat":7,"minecraft:spruce_log":89,"minecraft:birch_leaves":6,"gamma_beasts:thin_oak_log":6,"minecraft:grass":7,"minecraft:coal_ore":101,"minecraft:oak_log":113,"minecraft:cocoa":1,"minecraft:gravel":1,"minecraft:dirt":2,"minecraft:cobweb":1,"minecraft:smooth_basalt":3,"minecraft:spruce_fence_gate":3,"minecraft:oak_leaves":33,"minecraft:fern":4},"minecraft:used":{"minecraft:stone_sword":128,"minecraft:spruce_slab":19,"minecraft:chest":1,"gamma_beasts:green_apple":2,"born_in_chaos_v1:fried_maggot":4,"minecraft:cooked_chicken":3,"minecraft:rotten_flesh":2,"minecraft:torch":19,"crittersandcompanions:koi_fish":1,"minecraft:dirt":10,"minecraft:spruce_fence":3,"minecraft:smooth_basalt":3,"minecraft:furnace":4,"tombstone:gift":2,"minecraft:potato":14,"moonsweaponry:stone_scythe":91,"minecraft:cooked_mutton":4,"minecraft:stone_pickaxe":293,"minecraft:wooden_pickaxe":59,"minecraft:sandstone":1,"minecraft:spruce_fence_gate":3,"minecraft:mossy_cobblestone":1,"minecraft:crafting_table":8,"minecraft:flower_pot":1,"minecraft:apple":9,"minecraft:bread":12,"minecraft:brown_wool":1,"minecraft:spruce_trapdoor":2,"minecraft:gravel":1,"minecraft:stone_axe":278,"minecraft:cobblestone":26,"born_in_chaos_v1:rotten_fish":1,"minecraft:birch_log":1},"minecraft:picked_up":{"gamma_beasts:thin_oak_log":6,"minecraft:cocoa_beans":3,"minecraft:crafting_table":5,"minecraft:wheat":109,"minecraft:chicken":5,"minecraft:flower_pot":1,"minecraft:brown_mushroom":1,"minecraft:enchanted_book":1,"minecraft:shield":2,"minecraft:amethyst_block":3,"minecraft:red_bed":1,"minecraft:string":3,"minecraft:raw_copper":16,"mysticalagriculture:inferium_essence":8,"minecraft:calcite":4,"crittersandcompanions:koi_fish":1,"minecraft:jungle_sapling":1,"minecraft:spruce_slab":1,"minecraft:chest":1,"minecraft:birch_sapling":6,"minecraft:spruce_trapdoor":2,"crittersandcompanions:clam":1,"minecraft:egg":10,"minecraft:furnace":3,"minecraft:raw_iron":8,"minecraft:stick":20,"minecraft:sandstone":1,"apotheosis:gem":3,"minecraft:copper_ingot":1,"minecraft:torch":3,"minecraft:spruce_fence":3,"minecraft:porkchop":6,"minecraft:carrot":5,"tombstone:grave_dust":7,"minecraft:diorite":17,"minecraft:rotten_flesh":19,"minecraft:arrow":2,"minecraft:hay_block":3,"minecraft:sandstone_stairs":2,"gamma_beasts:coal_nugget":29,"minecraft:mutton":2,"minecraft:white_wool":19,"minecraft:cobblestone":163,"minecraft:birch_log":43,"born_in_chaos_v1:corpse_maggot":4,"minecraft:feather":8,"minecraft:andesite":34,"minecraft:brown_wool":1,"gamma_beasts:green_apple":12,"gamma_beasts:oak_leaf":11,"iceandfire:ectoplasm":3,"minecraft:oak_log":111,"evilcraft:flesh_humanoid":1,"undead_revamp2:huntereye":1,"anthropology_items__structures:limestone":6,"minecraft:dirt":13,"minecraft:cooked_mutton":2,"minecraft:bone":7,"minecraft:apple":9,"minecraft:wheat_seeds":182,"minecraft:iron_ingot":1,"minecraft:smooth_basalt":3,"minecraft:gravel":2,"minecraft:amethyst_shard":8,"minecraft:spruce_log":90,"minecraft:dark_oak_log":1,"minecraft:mossy_cobblestone":1,"undead_revamp2:heavytooth":1,"undead_revamp2:rawbostrox":1,"minecraft:spruce_fence_gate":3,"undead_revamp2:beespheromones":1,"minecraft:granite":4,"minecraft:oak_sapling":30,"born_in_chaos_v1:rotten_fish":1,"minecraft:coal":100},"minecraft:killed_by":{"minecraft:husk":1,"realmrpg_demons:chort":1,"minecraft:zombie":1,"iceandfire:ghost":4}},"DataVersion":3465}