{"stats":{"minecraft:killed_by":{"minecraft:husk":1,"realmrpg_demons:chort":1,"minecraft:zombie":1,"iceandfire:ghost":4},"minecraft:dropped":{"minecraft:brown_mushroom":1,"minecraft:birch_planks":3,"minecraft:wheat_seeds":2,"crittersandcompanions:clam":2,"minecraft:cobblestone":8,"minecraft:copper_ingot":1,"minecraft:dirt":11,"theoneprobe:probenote":1,"minecraft:amethyst_shard":8,"minecraft:iron_pickaxe":1,"minecraft:gravel":1,"minecraft:stone_axe":1,"alexsmobs:animal_dictionary":1,"minecraft:chicken":2,"minecraft:rotten_flesh":4,"evilcraft:flesh_humanoid":2,"minecraft:carrot":2,"patchouli:guide_book":1,"alexsmobs:lobster_tail":1,"minecraft:andesite":16,"spelunkers_charm:rock":3,"apotheosis:gem":1,"minecraft:arrow":1,"minecraft:calcite":4,"minecraft:egg":2},"minecraft:crafted":{"minecraft:stone_shovel":1,"minecraft:oak_planks":68,"minecraft:fishing_rod":1,"minecraft:cooked_chicken":3,"minecraft:furnace":3,"iceandfire:armor_copper_metal_leggings":1,"iceandfire:armor_copper_metal_boots":1,"iceandfire:armor_copper_metal_helmet":1,"minecraft:cooked_mutton":2,"minecraft:spruce_slab":18,"born_in_chaos_v1:fried_maggot":5,"minecraft:stone_pickaxe":4,"minecraft:stone_hoe":1,"minecraft:smoker":1,"minecraft:wheat":27,"iceandfire:silver_ingot":7,"minecraft:crafting_table":4,"minecraft:spruce_planks":32,"minecraft:wooden_pickaxe":1,"minecraft:spruce_door":3,"minecraft:copper_ingot":25,"minecraft:bucket":1,"minecraft:birch_planks":28,"minecraft:stone_axe":3,"minecraft:bread":60,"minecraft:air":0,"bettercopper:copper_chestplate":1,"moonsweaponry:stone_scythe":4,"minecraft:stick":56,"minecraft:iron_ingot":22,"minecraft:iron_pickaxe":2,"minecraft:stone_sword":1,"minecraft:torch":40},"minecraft:used":{"minecraft:stone_sword":128,"minecraft:stone_shovel":107,"minecraft:spruce_slab":19,"minecraft:poppy":3,"minecraft:chest":3,"gamma_beasts:green_apple":3,"minecraft:stone_hoe":3,"minecraft:cooked_chicken":3,"born_in_chaos_v1:fried_maggot":5,"minecraft:rotten_flesh":2,"minecraft:torch":34,"crittersandcompanions:koi_fish":1,"minecraft:dirt":53,"minecraft:mutton":1,"minecraft:carrot":18,"minecraft:granite":1,"minecraft:spruce_fence":3,"gamma_beasts:pear":4,"iceandfire:ghost_chest":1,"minecraft:smooth_basalt":3,"luminousworld:blue_petunias":2,"minecraft:furnace":7,"tombstone:gift":3,"minecraft:potato":15,"moonsweaponry:stone_scythe":320,"luminousworld:clovers_1":9,"minecraft:wheat_seeds":17,"minecraft:cooked_mutton":4,"minecraft:water_bucket":1,"minecraft:spruce_door":1,"bettercopper:copper_chestplate":1,"minecraft:stone_pickaxe":410,"minecraft:wooden_pickaxe":59,"minecraft:sandstone":1,"minecraft:spruce_fence_gate":3,"minecraft:mossy_cobblestone":1,"minecraft:crafting_table":12,"minecraft:red_bed":3,"minecraft:flower_pot":2,"minecraft:apple":9,"minecraft:map":1,"minecraft:bread":71,"minecraft:brown_wool":1,"iceandfire:graveyard_soil":1,"tombstone:magic_scroll":6,"minecraft:spruce_trapdoor":2,"minecraft:gravel":1,"minecraft:stone_axe":347,"minecraft:cobblestone":31,"born_in_chaos_v1:rotten_fish":1,"minecraft:bucket":2,"minecraft:white_banner":1,"minecraft:andesite":21,"minecraft:birch_log":1,"minecraft:dandelion":2},"minecraft:custom":{"minecraft:mob_kills":104,"minecraft:animals_bred":1,"minecraft:interact_with_crafting_table":36,"minecraft:open_barrel":6,"minecraft:interact_with_campfire":4,"minecraft:damage_dealt_resisted":340,"minecraft:leave_game":5,"minecraft:time_since_death":254920,"minecraft:climb_one_cm":6887,"minecraft:sprint_one_cm":415333,"minecraft:walk_one_cm":890058,"minecraft:drop":42,"minecraft:play_time":329414,"minecraft:sneak_time":6095,"minecraft:deaths":7,"minecraft:walk_under_water_one_cm":55722,"minecraft:jump":4244,"minecraft:walk_on_water_one_cm":63058,"minecraft:total_world_time":329414,"minecraft:interact_with_furnace":28,"tombstone:raider_killed":8,"minecraft:sleep_in_bed":3,"minecraft:time_since_rest":20200,"minecraft:damage_taken":6687,"minecraft:trigger_trapped_chest":11,"minecraft:damage_dealt":19742,"tombstone:cast_on_ally":1,"minecraft:swim_one_cm":135550,"minecraft:fly_one_cm":402989,"minecraft:open_chest":101,"minecraft:crouch_one_cm":12394,"tombstone:undead_killed":49,"minecraft:fall_one_cm":79624},"minecraft:mined":{"minecraft:large_amethyst_bud":1,"gamma_beasts:roble_hoja_1":1,"anthropology_items__structures:limestone":6,"iceandfire:silver_ore":7,"minecraft:mossy_cobblestone":1,"luminousworld:grassvariant_4":17,"luminousworld:blue_petunias":2,"farmersdelight:wild_carrots":5,"minecraft:jungle_leaves":2,"minecraft:spruce_trapdoor":2,"minecraft:granite":5,"luminousworld:clovers_4":1,"minecraft:grass_block":124,"minecraft:spruce_fence":3,"luminousworld:grassvariant_2":10,"luminousworld:clovers_2":1,"luminousworld:savanna_grass_2":1,"minecraft:moss_block":1,"minecraft:spawner":1,"minecraft:sandstone":4,"mysticalagriculture:inferium_ore":2,"minecraft:sandstone_stairs":2,"minecraft:hay_block":3,"minecraft:furnace":6,"minecraft:iron_ore":22,"minecraft:fire":1,"minecraft:andesite":37,"evilcraft:dark_ore":6,"minecraft:vine":5,"minecraft:stone":191,"minecraft:white_wool":20,"minecraft:spruce_slab":1,"minecraft:red_bed":4,"minecraft:dandelion":1,"minecraft:amethyst_cluster":2,"minecraft:oak_fence":1,"minecraft:crafting_table":9,"minecraft:torch":1,"luminousworld:savannah_grass_1":2,"minecraft:dark_oak_wood":3,"minecraft:calcite":4,"minecraft:poppy":2,"spelunkers_charm:dead_grass":1,"iceandfire:ghost_chest":2,"minecraft:chest":3,"minecraft:campfire":1,"minecraft:copper_ore":11,"minecraft:tall_grass":5,"minecraft:cobblestone":12,"minecraft:potted_oak_sapling":1,"minecraft:diorite":19,"minecraft:wall_torch":2,"minecraft:amethyst_block":3,"gamma_beasts:abedul_hojas":4,"luminousworld:clovers_1":1,"minecraft:birch_log":88,"minecraft:wheat":15,"minecraft:spruce_log":89,"minecraft:birch_leaves":10,"gamma_beasts:thin_oak_log":6,"minecraft:grass":36,"luminousworld:clovers_5":2,"minecraft:oak_log":113,"minecraft:coal_ore":125,"minecraft:cocoa":1,"minecraft:gravel":1,"minecraft:dirt":30,"luminousworld:grassvariant_3":2,"minecraft:cobweb":1,"minecraft:smooth_basalt":3,"minecraft:spruce_fence_gate":3,"luminousworld:savannah_grass_4":2,"minecraft:oak_leaves":33,"minecraft:fern":5},"minecraft:picked_up":{"minecraft:charcoal":2,"gamma_beasts:thin_oak_log":6,"minecraft:cocoa_beans":3,"minecraft:crafting_table":9,"minecraft:wheat":154,"minecraft:chicken":5,"minecraft:flower_pot":2,"minecraft:brown_mushroom":1,"minecraft:enchanted_book":1,"minecraft:shield":2,"minecraft:amethyst_block":3,"minecraft:string":5,"minecraft:red_bed":4,"minecraft:raw_copper":37,"iceandfire:graveyard_soil":1,"mysticalagriculture:inferium_essence":27,"minecraft:poppy":3,"crittersandcompanions:koi_fish":1,"minecraft:calcite":4,"minecraft:jungle_sapling":1,"minecraft:spruce_slab":1,"minecraft:iron_pickaxe":1,"minecraft:chest":3,"minecraft:birch_sapling":14,"crittersandcompanions:clam":2,"minecraft:spruce_trapdoor":2,"minecraft:furnace":5,"minecraft:egg":25,"iceandfire:ghost_chest":2,"minecraft:stick":25,"minecraft:raw_iron":22,"minecraft:sandstone":1,"apotheosis:gem":3,"luminousworld:blue_petunias":2,"minecraft:copper_ingot":1,"minecraft:torch":8,"minecraft:spruce_fence":3,"minecraft:porkchop":6,"minecraft:carrot":20,"minecraft:diorite":19,"tombstone:grave_dust":8,"vampirism:vampire_fang":2,"minecraft:arrow":3,"minecraft:rotten_flesh":30,"minecraft:hay_block":3,"minecraft:sandstone_stairs":2,"gamma_beasts:coal_nugget":36,"minecraft:mutton":3,"alexsmobs:lobster_tail":1,"minecraft:white_wool":21,"minecraft:cobblestone":210,"gamma_beasts:pear":12,"minecraft:nautilus_shell":1,"minecraft:birch_log":92,"born_in_chaos_v1:corpse_maggot":7,"minecraft:feather":8,"born_in_chaos_v1:monster_flesh":1,"minecraft:andesite":37,"minecraft:brown_wool":1,"minecraft:potato":7,"minecraft:chainmail_chestplate":2,"evilcraft:flesh_humanoid":1,"minecraft:oak_log":114,"gamma_beasts:green_apple":12,"gamma_beasts:oak_leaf":11,"undead_revamp2:huntereye":1,"iceandfire:ectoplasm":3,"anthropology_items__structures:limestone":6,"minecraft:map":1,"minecraft:dirt":192,"minecraft:white_banner":1,"born_in_chaos_v1:monster_skin":1,"minecraft:cooked_mutton":2,"minecraft:bone":13,"minecraft:apple":9,"minecraft:wheat_seeds":304,"minecraft:iron_ingot":2,"minecraft:smooth_basalt":3,"luminousworld:clovers_1":9,"minecraft:dandelion":2,"minecraft:gravel":2,"minecraft:amethyst_shard":16,"minecraft:spruce_log":90,"minecraft:dark_oak_log":1,"minecraft:mossy_cobblestone":1,"minecraft:bundle":1,"undead_revamp2:heavytooth":1,"undead_revamp2:rawbostrox":1,"minecraft:spruce_fence_gate":3,"minecraft:stone_axe":1,"undead_revamp2:beespheromones":1,"evilcraft:dark_gem":28,"minecraft:granite":5,"minecraft:bread":4,"tombstone:magic_scroll":2,"minecraft:oak_sapling":30,"born_in_chaos_v1:rotten_fish":1,"spelunkers_charm:rock":3,"minecraft:coal":123,"iceandfire:raw_silver":7},"minecraft:broken":{"minecraft:stone_sword":1,"minecraft:wooden_pickaxe":1,"minecraft:stone_pickaxe":3,"minecraft:stone_axe":2,"moonsweaponry:stone_scythe":2},"minecraft:killed":{"vampirism:vampire":2,"alexsmobs:lobster":2,"undead_revamp2:thehunter":1,"born_in_chaos_v1:zombie_lumberjack":2,"minecraft:spider":5,"born_in_chaos_v1:zombie_bruiser":2,"undead_revamp2:theswarmer":1,"born_in_chaos_v1:maggot":10,"minecraft:skeleton":5,"minecraft:bee":1,"minecraft:chicken":5,"undead_revamp2:therod":1,"minecraft:drowned":5,"minecraft:pig":3,"minecraft:zombie_villager":1,"born_in_chaos_v1:baby_skeleton":1,"undead_revamp2:the_moonflower":1,"undead_revamp2:theheavy":1,"undead_revamp2:thebeartamer":1,"minecraft:creeper":1,"born_in_chaos_v1:decrepit_skeleton":1,"minecraft:sheep":2,"born_in_chaos_v1:zombie_fisherman":1,"minecraft:pillager":8,"born_in_chaos_v1:dread_hound":1,"minecraft:zombie":11,"evilcraft:poisonous_libelle":1,"iceandfire:ghost":14,"born_in_chaos_v1:corpse_fly":8}},"DataVersion":3465}