{"stats":{"minecraft:custom":{"minecraft:mob_kills":66,"minecraft:interact_with_crafting_table":9,"minecraft:open_barrel":78,"minecraft:damage_dealt_resisted":388,"minecraft:time_since_death":1587,"minecraft:climb_one_cm":6104,"minecraft:sprint_one_cm":257511,"minecraft:walk_one_cm":469728,"minecraft:drop":20,"minecraft:play_time":129107,"minecraft:deaths":7,"minecraft:sneak_time":2150,"minecraft:walk_under_water_one_cm":29993,"minecraft:jump":1546,"minecraft:total_world_time":129107,"minecraft:walk_on_water_one_cm":59153,"minecraft:interact_with_furnace":10,"tombstone:raider_killed":1,"minecraft:sleep_in_bed":2,"minecraft:time_since_rest":383,"minecraft:damage_taken":4451,"minecraft:damage_dealt":12607,"minecraft:fly_one_cm":215249,"minecraft:swim_one_cm":32458,"minecraft:player_kills":1,"minecraft:open_chest":8,"minecraft:crouch_one_cm":4196,"tombstone:undead_killed":23,"minecraft:interact_with_smoker":4,"minecraft:fish_caught":3,"minecraft:fall_one_cm":26879},"minecraft:picked_up":{"minecraft:seagrass":1,"minecraft:cocoa_beans":9,"luminousworld:groundpebbles_1":1,"minecraft:crafting_table":3,"minecraft:wheat":8,"croptopia:shrimp":2,"croptopia:kumquat":1,"minecraft:string":10,"minecraft:iron_axe":1,"evilcraft:poison_sac":1,"minecraft:iron_leggings":1,"minecraft:iron_shovel":1,"mysticalagriculture:inferium_essence":11,"untamedwilds:flora_water_hyacinth_item":1,"minecraft:beef":20,"born_in_chaos_v1:gnawed_bones":1,"croptopia:coconut":6,"minecraft:poppy":3,"minecraft:melon_slice":43,"minecraft:sugar_cane":9,"minecraft:birch_sapling":7,"minecraft:furnace":1,"minecraft:egg":2,"minecraft:stick":1,"apotheosis:gem":2,"born_in_chaos_v1:shattered_skull":3,"minecraft:copper_ingot":1,"minecraft:torch":1,"minecraft:acacia_log":2,"minecraft:spruce_fence":2,"minecraft:porkchop":9,"luminousworld:savannah_soil":25,"tombstone:grave_dust":1,"born_in_chaos_v1:nightmare_claw":1,"born_in_chaos_v1:pieceofdarkmetal":2,"minecraft:arrow":1,"minecraft:rotten_flesh":28,"minecraft:beetroot_seeds":4,"aether:chainmail_gloves":1,"minecraft:hay_block":7,"supplementaries:ash":2,"tombstone:essence_of_undeath":1,"luminousworld:tall_deadbush":2,"minecraft:mutton":3,"minecraft:white_wool":3,"minecraft:cobblestone":93,"born_in_chaos_v1:fused_bone":3,"minecraft:birch_log":31,"born_in_chaos_v1:corpse_maggot":2,"luminousworld:savannah_ground":13,"born_in_chaos_v1:monster_flesh":2,"born_in_chaos_v1:spiritual_dust":3,"minecraft:andesite":2,"minecraft:jungle_log":32,"minecraft:salmon":1,"minecraft:leather":8,"minecraft:oak_log":60,"minecraft:yellow_bed":1,"minecraft:gunpowder":1,"minecraft:dirt":11,"minecraft:white_banner":3,"born_in_chaos_v1:monster_skin":1,"minecraft:bone":11,"minecraft:apple":13,"untamedwilds:material_fat":1,"minecraft:wheat_seeds":22,"twigs:twig":11,"aquaculture:atlantic_herring":1,"productivebees:sugar_cane_nest":1,"born_in_chaos_v1:dark_rod":2,"born_in_chaos_v1:ethereal_spirit":2,"minecraft:dandelion":2,"minecraft:sand":1,"minecraft:white_bed":1,"minecraft:spider_eye":4,"minecraft:barrel":1,"undead_revamp2:acidsack":1,"undead_revamp2:rawbostrox":4,"croptopia:grapefruit":4,"minecraft:bread":1,"minecraft:oak_sapling":15,"minecraft:coal":35},"minecraft:mined":{"minecraft:white_bed":1,"minecraft:oak_sapling":1,"minecraft:spruce_fence":1,"minecraft:grass_block":5,"minecraft:jungle_log":31,"luminousworld:grassvariant_2":3,"bushierflowers:grown_dandelion":1,"luminousworld:savanna_grass_2":3,"minecraft:hay_block":7,"minecraft:furnace":1,"minecraft:barrel":1,"minecraft:andesite":2,"productivebees:sugar_cane_nest":1,"minecraft:stone":86,"bushierflowers:grown_poppy":1,"luminousworld:savannah_soil":26,"untamedwilds:flora_water_hyacinth":1,"luminousworld:tall_deadbush":2,"upgrade_aquatic:tall_beachgrass":21,"minecraft:crafting_table":3,"luminousworld:savannah_grass_1":2,"minecraft:poppy":1,"minecraft:melon":9,"minecraft:potted_oak_sapling":1,"minecraft:sugar_cane":6,"minecraft:wall_torch":1,"dungeonsweaponry:wraith_fire":1,"minecraft:birch_log":32,"minecraft:wheat":2,"minecraft:birch_leaves":3,"minecraft:white_wall_banner":3,"minecraft:yellow_bed":1,"minecraft:grass":44,"minecraft:coal_ore":35,"minecraft:oak_log":60,"ecologics:hanging_coconut":1,"minecraft:cocoa":5,"minecraft:sand":2,"minecraft:dirt":6,"luminousworld:grassvariant_3":1,"upgrade_aquatic:beachgrass":52,"minecraft:stone_bricks":2,"luminousworld:savannah_grass_4":4,"minecraft:oak_leaves":10,"minecraft:fern":7,"luminousworld:savannah_ground":13},"minecraft:used":{"minecraft:trident":12,"minecraft:stone_sword":144,"minecraft:poppy":3,"luminousworld:tall_deadbush":2,"croptopia:grapefruit":4,"luminousworld:savannah_ground":9,"minecraft:stone_hoe":11,"minecraft:torch":19,"minecraft:dirt":5,"minecraft:spyglass":10,"minecraft:cocoa_beans":9,"minecraft:spruce_fence":1,"minecraft:wooden_axe":59,"minecraft:birch_sapling":7,"minecraft:jungle_log":19,"minecraft:iron_boots":1,"minecraft:barrel":1,"croptopia:kumquat":1,"luminousworld:savannah_soil":25,"minecraft:furnace":2,"minecraft:oak_sapling":15,"minecraft:potato":12,"tombstone:gift":4,"minecraft:cooked_beef":19,"moonsweaponry:stone_scythe":149,"minecraft:seagrass":1,"minecraft:iron_leggings":1,"croptopia:coconut":6,"minecraft:wheat_seeds":38,"minecraft:stone_pickaxe":67,"minecraft:wooden_pickaxe":59,"minecraft:sugar_cane":9,"minecraft:sand":1,"minecraft:crafting_table":3,"minecraft:white_bed":1,"minecraft:melon_slice":30,"minecraft:bread":5,"minecraft:stone_axe":105,"minecraft:fishing_rod":11,"minecraft:cobblestone":1,"minecraft:yellow_bed":2,"minecraft:dandelion":1,"croptopia:shrimp":1},"minecraft:broken":{"minecraft:stone_sword":1,"minecraft:wooden_pickaxe":1,"minecraft:stone_axe":1,"minecraft:wooden_axe":1,"moonsweaponry:stone_scythe":1},"minecraft:crafted":{"minecraft:fishing_rod":1,"minecraft:furnace":1,"minecraft:yellow_bed":1,"minecraft:stone_pickaxe":1,"minecraft:stone_hoe":1,"minecraft:wheat":63,"minecraft:cooked_beef":19,"minecraft:crafting_table":1,"minecraft:wooden_pickaxe":1,"minecraft:birch_planks":60,"minecraft:stone_axe":2,"minecraft:air":0,"moonsweaponry:stone_scythe":2,"minecraft:yellow_dye":1,"minecraft:stick":54,"minecraft:wooden_axe":1,"minecraft:stone_sword":1,"minecraft:white_bed":1,"minecraft:torch":28},"minecraft:killed_by":{"minecraft:player":1,"minecraft:spider":1,"undead_revamp2:thespitter":1,"born_in_chaos_v1:siamese_skeletons":1,"minecraft:zombie":1,"untamedwilds:snake":1},"minecraft:dropped":{"born_in_chaos_v1:monster_flesh":2,"ars_nouveau:worn_notebook":1,"theoneprobe:probenote":1,"minecraft:iron_leggings":1,"patchouli:guide_book":1,"supplementaries:ash":1,"minecraft:gunpowder":1,"aether:chainmail_gloves":1,"minecraft:beetroot_seeds":4,"minecraft:andesite":2,"luminousworld:groundpebbles_1":1,"mysticalagriculture:inferium_essence":2,"apotheosis:gem":1,"minecraft:beef":1},"minecraft:killed":{"what_gecko:tegu":1,"minecraft:cave_spider":1,"born_in_chaos_v1:zombie_lumberjack":1,"born_in_chaos_v1:skeleton_demoman":1,"minecraft:spider":5,"luminousworld:sunken_skeleton":1,"undead_revamp2:thesmoker":2,"born_in_chaos_v1:baby_skeleton_minion":3,"undead_revamp2:theswarmer":1,"born_in_chaos_v1:maggot":6,"minecraft:drowned":1,"luminousworld:savannah_zombie":1,"undead_revamp2:thespitter":2,"born_in_chaos_v1:bonescaller":1,"minecraft:pig":4,"undead_revamp2:the_moonflower":1,"untamedwilds:boar":1,"undead_revamp2:theheavy":2,"born_in_chaos_v1:decrepit_skeleton":1,"minecraft:sheep":3,"minecraft:pillager":1,"born_in_chaos_v1:zombie_fisherman":1,"undead_revamp2:thesomnolence":3,"alexsmobs:cockroach":1,"minecraft:zombie":3,"evilcraft:poisonous_libelle":1,"born_in_chaos_v1:dread_hound":3,"born_in_chaos_v1:dark_vortex":1,"undead_revamp2:theskeeper":1,"born_in_chaos_v1:nightmare_stalker":1,"born_in_chaos_v1:siamese_skeletonsleft":1,"minecraft:cow":9}},"DataVersion":3465}