{"stats":{"minecraft:killed_by":{"minecraft:husk":1,"realmrpg_demons:chort":1,"minecraft:zombie":1,"iceandfire:ghost":4},"minecraft:dropped":{"minecraft:brown_mushroom":1,"minecraft:birch_planks":3,"minecraft:wheat_seeds":2,"crittersandcompanions:clam":2,"minecraft:cobblestone":8,"minecraft:copper_ingot":1,"minecraft:dirt":11,"theoneprobe:probenote":1,"minecraft:amethyst_shard":8,"minecraft:iron_pickaxe":1,"minecraft:gravel":1,"minecraft:stone_axe":1,"alexsmobs:animal_dictionary":1,"minecraft:chicken":2,"minecraft:rotten_flesh":4,"evilcraft:flesh_humanoid":2,"minecraft:carrot":2,"patchouli:guide_book":1,"alexsmobs:lobster_tail":1,"minecraft:andesite":16,"spelunkers_charm:rock":3,"apotheosis:gem":1,"minecraft:arrow":1,"minecraft:calcite":4,"minecraft:egg":1},"minecraft:crafted":{"minecraft:oak_planks":68,"minecraft:fishing_rod":1,"minecraft:cooked_chicken":3,"minecraft:furnace":3,"iceandfire:armor_copper_metal_leggings":1,"iceandfire:armor_copper_metal_boots":1,"iceandfire:armor_copper_metal_helmet":1,"minecraft:cooked_mutton":2,"minecraft:spruce_slab":18,"born_in_chaos_v1:fried_maggot":4,"minecraft:stone_pickaxe":4,"minecraft:smoker":1,"minecraft:wheat":27,"iceandfire:silver_ingot":7,"minecraft:crafting_table":4,"minecraft:spruce_planks":32,"minecraft:wooden_pickaxe":1,"minecraft:copper_ingot":25,"minecraft:birch_planks":28,"minecraft:stone_axe":3,"minecraft:bread":55,"minecraft:air":0,"bettercopper:copper_chestplate":1,"moonsweaponry:stone_scythe":3,"minecraft:stick":56,"minecraft:iron_ingot":22,"minecraft:iron_pickaxe":1,"minecraft:stone_sword":1,"minecraft:torch":40},"minecraft:used":{"minecraft:stone_sword":128,"minecraft:spruce_slab":19,"minecraft:chest":1,"gamma_beasts:green_apple":2,"minecraft:cooked_chicken":3,"born_in_chaos_v1:fried_maggot":4,"minecraft:rotten_flesh":2,"minecraft:torch":34,"crittersandcompanions:koi_fish":1,"minecraft:dirt":27,"minecraft:mutton":1,"minecraft:carrot":16,"minecraft:granite":1,"minecraft:spruce_fence":3,"iceandfire:ghost_chest":1,"minecraft:smooth_basalt":3,"minecraft:furnace":6,"tombstone:gift":2,"minecraft:potato":15,"moonsweaponry:stone_scythe":273,"minecraft:wheat_seeds":17,"minecraft:cooked_mutton":4,"bettercopper:copper_chestplate":1,"minecraft:stone_pickaxe":395,"minecraft:wooden_pickaxe":59,"minecraft:sandstone":1,"minecraft:spruce_fence_gate":3,"minecraft:mossy_cobblestone":1,"minecraft:crafting_table":11,"minecraft:red_bed":2,"minecraft:flower_pot":2,"minecraft:apple":9,"minecraft:bread":63,"minecraft:brown_wool":1,"iceandfire:graveyard_soil":1,"tombstone:magic_scroll":1,"minecraft:spruce_trapdoor":2,"minecraft:gravel":1,"minecraft:stone_axe":294,"minecraft:cobblestone":31,"born_in_chaos_v1:rotten_fish":1,"minecraft:andesite":21,"minecraft:birch_log":1},"minecraft:custom":{"minecraft:mob_kills":96,"minecraft:animals_bred":1,"minecraft:interact_with_crafting_table":28,"minecraft:open_barrel":6,"minecraft:interact_with_campfire":4,"minecraft:damage_dealt_resisted":340,"minecraft:leave_game":5,"minecraft:time_since_death":218920,"minecraft:climb_one_cm":6515,"minecraft:sprint_one_cm":361033,"minecraft:walk_one_cm":733932,"minecraft:drop":41,"minecraft:play_time":293414,"minecraft:sneak_time":5745,"minecraft:deaths":7,"minecraft:walk_under_water_one_cm":51785,"minecraft:jump":3519,"minecraft:walk_on_water_one_cm":60981,"minecraft:total_world_time":293414,"minecraft:interact_with_furnace":21,"tombstone:raider_killed":7,"minecraft:sleep_in_bed":2,"minecraft:time_since_rest":22840,"minecraft:damage_taken":6110,"minecraft:trigger_trapped_chest":11,"minecraft:damage_dealt":17354,"minecraft:swim_one_cm":126531,"minecraft:fly_one_cm":350337,"minecraft:open_chest":75,"minecraft:crouch_one_cm":11960,"tombstone:undead_killed":44,"minecraft:fall_one_cm":61841},"minecraft:mined":{"minecraft:large_amethyst_bud":1,"gamma_beasts:roble_hoja_1":1,"anthropology_items__structures:limestone":6,"iceandfire:silver_ore":7,"minecraft:mossy_cobblestone":1,"farmersdelight:wild_carrots":5,"minecraft:jungle_leaves":2,"minecraft:spruce_trapdoor":2,"minecraft:granite":5,"minecraft:grass_block":18,"minecraft:spruce_fence":3,"luminousworld:grassvariant_2":4,"luminousworld:savanna_grass_2":1,"minecraft:moss_block":1,"minecraft:spawner":1,"minecraft:sandstone":4,"mysticalagriculture:inferium_ore":2,"minecraft:sandstone_stairs":2,"minecraft:hay_block":3,"minecraft:furnace":5,"minecraft:iron_ore":22,"minecraft:fire":1,"minecraft:andesite":37,"evilcraft:dark_ore":6,"minecraft:vine":4,"minecraft:stone":182,"minecraft:white_wool":20,"minecraft:spruce_slab":1,"minecraft:red_bed":3,"minecraft:amethyst_cluster":2,"minecraft:oak_fence":1,"minecraft:crafting_table":8,"minecraft:torch":1,"luminousworld:savannah_grass_1":2,"minecraft:dark_oak_wood":3,"minecraft:calcite":4,"spelunkers_charm:dead_grass":1,"iceandfire:ghost_chest":1,"minecraft:chest":1,"minecraft:campfire":1,"minecraft:copper_ore":7,"minecraft:tall_grass":5,"minecraft:cobblestone":12,"minecraft:potted_oak_sapling":1,"minecraft:diorite":19,"minecraft:wall_torch":2,"minecraft:amethyst_block":3,"minecraft:birch_log":42,"minecraft:wheat":15,"minecraft:spruce_log":89,"minecraft:birch_leaves":6,"gamma_beasts:thin_oak_log":6,"minecraft:grass":20,"minecraft:oak_log":113,"minecraft:coal_ore":125,"minecraft:cocoa":1,"minecraft:gravel":1,"minecraft:dirt":20,"luminousworld:grassvariant_3":1,"minecraft:cobweb":1,"minecraft:smooth_basalt":3,"minecraft:spruce_fence_gate":3,"luminousworld:savannah_grass_4":2,"minecraft:oak_leaves":33,"minecraft:fern":5},"minecraft:picked_up":{"minecraft:charcoal":2,"gamma_beasts:thin_oak_log":6,"minecraft:cocoa_beans":3,"minecraft:crafting_table":8,"minecraft:wheat":154,"minecraft:chicken":5,"minecraft:flower_pot":2,"minecraft:brown_mushroom":1,"minecraft:enchanted_book":1,"minecraft:shield":2,"minecraft:amethyst_block":3,"minecraft:string":5,"minecraft:red_bed":3,"minecraft:raw_copper":25,"iceandfire:graveyard_soil":1,"mysticalagriculture:inferium_essence":26,"crittersandcompanions:koi_fish":1,"minecraft:calcite":4,"minecraft:jungle_sapling":1,"minecraft:spruce_slab":1,"minecraft:iron_pickaxe":1,"minecraft:chest":1,"minecraft:birch_sapling":6,"crittersandcompanions:clam":2,"minecraft:spruce_trapdoor":2,"minecraft:furnace":4,"minecraft:egg":24,"iceandfire:ghost_chest":1,"minecraft:stick":20,"minecraft:raw_iron":22,"minecraft:sandstone":1,"apotheosis:gem":3,"minecraft:copper_ingot":1,"minecraft:torch":8,"minecraft:spruce_fence":3,"minecraft:porkchop":6,"minecraft:carrot":19,"minecraft:diorite":19,"tombstone:grave_dust":8,"vampirism:vampire_fang":2,"minecraft:arrow":3,"minecraft:rotten_flesh":25,"minecraft:hay_block":3,"minecraft:sandstone_stairs":2,"gamma_beasts:coal_nugget":36,"minecraft:mutton":3,"alexsmobs:lobster_tail":1,"minecraft:white_wool":21,"minecraft:cobblestone":201,"minecraft:nautilus_shell":1,"minecraft:birch_log":43,"born_in_chaos_v1:corpse_maggot":5,"minecraft:feather":8,"minecraft:andesite":37,"minecraft:brown_wool":1,"minecraft:potato":7,"minecraft:chainmail_chestplate":2,"evilcraft:flesh_humanoid":1,"minecraft:oak_log":114,"gamma_beasts:green_apple":12,"gamma_beasts:oak_leaf":11,"undead_revamp2:huntereye":1,"iceandfire:ectoplasm":3,"anthropology_items__structures:limestone":6,"minecraft:dirt":59,"minecraft:cooked_mutton":2,"minecraft:bone":13,"minecraft:apple":9,"minecraft:wheat_seeds":302,"minecraft:iron_ingot":1,"minecraft:smooth_basalt":3,"minecraft:gravel":2,"minecraft:amethyst_shard":16,"minecraft:spruce_log":90,"minecraft:dark_oak_log":1,"minecraft:mossy_cobblestone":1,"minecraft:bundle":1,"undead_revamp2:heavytooth":1,"undead_revamp2:rawbostrox":1,"minecraft:spruce_fence_gate":3,"minecraft:stone_axe":1,"undead_revamp2:beespheromones":1,"evilcraft:dark_gem":28,"minecraft:granite":5,"minecraft:bread":4,"tombstone:magic_scroll":2,"minecraft:oak_sapling":30,"born_in_chaos_v1:rotten_fish":1,"spelunkers_charm:rock":3,"minecraft:coal":123,"iceandfire:raw_silver":7},"minecraft:broken":{"minecraft:stone_sword":1,"minecraft:wooden_pickaxe":1,"minecraft:stone_pickaxe":3,"minecraft:stone_axe":2,"moonsweaponry:stone_scythe":1},"minecraft:killed":{"vampirism:vampire":2,"alexsmobs:lobster":2,"undead_revamp2:thehunter":1,"born_in_chaos_v1:zombie_lumberjack":2,"minecraft:spider":5,"born_in_chaos_v1:zombie_bruiser":1,"undead_revamp2:theswarmer":1,"born_in_chaos_v1:maggot":10,"minecraft:skeleton":5,"minecraft:bee":1,"minecraft:chicken":5,"undead_revamp2:therod":1,"minecraft:drowned":5,"minecraft:pig":3,"born_in_chaos_v1:baby_skeleton":1,"undead_revamp2:the_moonflower":1,"undead_revamp2:theheavy":1,"minecraft:creeper":1,"born_in_chaos_v1:decrepit_skeleton":1,"minecraft:sheep":2,"born_in_chaos_v1:zombie_fisherman":1,"minecraft:pillager":7,"minecraft:zombie":9,"evilcraft:poisonous_libelle":1,"iceandfire:ghost":14,"born_in_chaos_v1:corpse_fly":7}},"DataVersion":3465}