{"stats":{"minecraft:broken":{"minecraft:stone_axe":1,"minecraft:wooden_pickaxe":1},"minecraft:crafted":{"minecraft:crafting_table":2,"minecraft:stick":28,"minecraft:wooden_pickaxe":1,"minecraft:stone_pickaxe":1,"minecraft:stone_sword":1,"minecraft:birch_planks":28,"minecraft:stone_axe":2},"minecraft:used":{"minecraft:cooked_mutton":2,"minecraft:apple":2,"minecraft:stone_sword":37,"minecraft:stone_pickaxe":14,"minecraft:wooden_pickaxe":59,"minecraft:rotten_flesh":2,"minecraft:stone_axe":148,"minecraft:cobblestone":2,"born_in_chaos_v1:rotten_fish":1,"minecraft:crafting_table":2,"minecraft:birch_log":1},"minecraft:picked_up":{"minecraft:birch_log":42,"born_in_chaos_v1:corpse_maggot":2,"minecraft:stick":18,"minecraft:crafting_table":1,"apotheosis:gem":1,"minecraft:copper_ingot":1,"minecraft:gravel":1,"minecraft:oak_log":95,"minecraft:shield":1,"minecraft:cooked_mutton":2,"minecraft:rotten_flesh":5,"minecraft:apple":6,"mysticalagriculture:inferium_essence":1,"gamma_beasts:coal_nugget":1,"minecraft:oak_sapling":25,"born_in_chaos_v1:rotten_fish":1,"minecraft:birch_sapling":6,"minecraft:cobblestone":76},"minecraft:mined":{"minecraft:birch_log":42,"minecraft:birch_leaves":6,"minecraft:crafting_table":1,"minecraft:oak_log":96,"minecraft:gravel":1,"minecraft:cobblestone":2,"minecraft:stone":71,"minecraft:oak_leaves":21},"minecraft:custom":{"minecraft:time_since_rest":17370,"minecraft:sprint_one_cm":42802,"minecraft:damage_taken":623,"minecraft:walk_one_cm":82287,"minecraft:mob_kills":13,"minecraft:drop":5,"minecraft:damage_dealt":1354,"minecraft:interact_with_crafting_table":4,"minecraft:fly_one_cm":19289,"minecraft:crouch_one_cm":239,"minecraft:play_time":26626,"tombstone:undead_killed":4,"minecraft:deaths":1,"minecraft:sneak_time":198,"minecraft:damage_dealt_resisted":0,"minecraft:jump":163,"minecraft:time_since_death":17632,"minecraft:total_world_time":26626,"minecraft:fall_one_cm":1730},"minecraft:killed_by":{"realmrpg_demons:chort":1},"minecraft:dropped":{"alexsmobs:animal_dictionary":1,"theoneprobe:probenote":1,"minecraft:rotten_flesh":1,"evilcraft:flesh_humanoid":1,"patchouli:guide_book":1},"minecraft:killed":{"born_in_chaos_v1:zombie_fisherman":1,"minecraft:zombie":2,"evilcraft:poisonous_libelle":1,"born_in_chaos_v1:corpse_fly":5,"undead_revamp2:therod":1,"born_in_chaos_v1:maggot":3}},"DataVersion":3465}