{"stats":{"minecraft:custom":{"minecraft:interact_with_furnace":2,"minecraft:mob_kills":17,"minecraft:interact_with_crafting_table":3,"minecraft:damage_dealt_resisted":0,"minecraft:time_since_death":2713,"minecraft:time_since_rest":1401,"minecraft:sprint_one_cm":51926,"minecraft:damage_taken":620,"minecraft:walk_one_cm":72654,"minecraft:drop":5,"minecraft:damage_dealt":2151,"minecraft:swim_one_cm":1972,"minecraft:fly_one_cm":82249,"minecraft:player_kills":1,"minecraft:open_chest":1,"minecraft:crouch_one_cm":420,"minecraft:play_time":33107,"tombstone:undead_killed":3,"minecraft:deaths":2,"minecraft:sneak_time":324,"minecraft:walk_under_water_one_cm":7626,"minecraft:jump":405,"minecraft:walk_on_water_one_cm":4141,"minecraft:total_world_time":33107,"minecraft:fall_one_cm":3441},"minecraft:picked_up":{"minecraft:birch_log":31,"minecraft:crafting_table":2,"minecraft:andesite":2,"minecraft:leather":6,"minecraft:oak_log":45,"minecraft:dirt":5,"minecraft:string":1,"minecraft:wheat_seeds":1,"mysticalagriculture:inferium_essence":2,"minecraft:beef":9,"twigs:twig":7,"minecraft:birch_sapling":7,"minecraft:egg":2,"minecraft:furnace":1,"minecraft:porkchop":9,"undead_revamp2:acidsack":1,"minecraft:spider_eye":1,"minecraft:arrow":1,"minecraft:rotten_flesh":3,"tombstone:essence_of_undeath":1,"minecraft:bread":1,"supplementaries:ash":1,"minecraft:oak_sapling":12,"minecraft:mutton":3,"minecraft:coal":31,"minecraft:white_wool":3,"minecraft:cobblestone":87},"minecraft:mined":{"minecraft:crafting_table":2,"minecraft:grass_block":2,"minecraft:furnace":1,"dungeonsweaponry:wraith_fire":1,"minecraft:birch_log":32,"minecraft:andesite":2,"minecraft:birch_leaves":3,"minecraft:grass":6,"minecraft:oak_log":45,"minecraft:coal_ore":31,"minecraft:dirt":3,"minecraft:stone":84,"minecraft:oak_leaves":6},"minecraft:used":{"minecraft:stone_sword":49,"minecraft:stone_pickaxe":59,"minecraft:wooden_pickaxe":59,"minecraft:crafting_table":2,"minecraft:wooden_axe":59,"minecraft:bread":1,"minecraft:birch_sapling":1,"minecraft:stone_axe":18,"minecraft:cobblestone":1,"minecraft:oak_sapling":1,"minecraft:furnace":1},"minecraft:broken":{"minecraft:wooden_axe":1,"minecraft:wooden_pickaxe":1},"minecraft:crafted":{"minecraft:cooked_beef":6,"minecraft:crafting_table":1,"minecraft:wooden_pickaxe":1,"minecraft:furnace":1,"minecraft:birch_planks":60,"minecraft:stone_axe":1,"minecraft:air":0,"minecraft:stick":34,"minecraft:stone_pickaxe":1,"minecraft:wooden_axe":1,"minecraft:stone_sword":1},"minecraft:killed_by":{"undead_revamp2:thespitter":1},"minecraft:dropped":{"patchouli:guide_book":1,"ars_nouveau:worn_notebook":1,"minecraft:andesite":2,"theoneprobe:probenote":1},"minecraft:killed":{"minecraft:pig":4,"minecraft:spider":1,"undead_revamp2:thesmoker":1,"minecraft:sheep":3,"minecraft:zombie":1,"undead_revamp2:thespitter":1,"minecraft:cow":5}},"DataVersion":3465}