{"stats":{"minecraft:crafted":{"minecraft:oak_planks":32,"minecraft:crafting_table":1,"minecraft:wooden_pickaxe":1,"minecraft:furnace":1,"minecraft:birch_planks":20,"minecraft:stone_axe":1,"minecraft:cooked_mutton":11,"minecraft:air":0,"minecraft:stick":8,"minecraft:stone_pickaxe":2,"minecraft:stone_sword":1,"minecraft:torch":4},"minecraft:used":{"minecraft:cooked_mutton":7,"minecraft:stone_sword":63,"minecraft:stone_pickaxe":159,"minecraft:oak_planks":14,"minecraft:wooden_pickaxe":59,"luminousworld:yellow_grassflowers":1,"minecraft:torch":2,"minecraft:dirt":1,"minecraft:mutton":1,"minecraft:crafting_table":4,"minecraft:oak_log":4,"minecraft:stone_axe":34,"minecraft:cobblestone":24,"minecraft:beef":1,"minecraft:furnace":2,"minecraft:birch_log":1,"alexsmobs:animal_dictionary":1},"minecraft:broken":{"minecraft:stone_pickaxe":1,"minecraft:wooden_pickaxe":1},"minecraft:picked_up":{"minecraft:birch_log":6,"gamma_beasts:thin_oak_log":2,"born_in_chaos_v1:corpse_maggot":6,"minecraft:crafting_table":4,"minecraft:wheat":1,"minecraft:oak_log":11,"minecraft:gunpowder":2,"minecraft:dirt":2,"evilcraft:poison_sac":1,"minecraft:bone":3,"mysticalagriculture:inferium_essence":2,"minecraft:beef":1,"minecraft:oak_planks":10,"minecraft:birch_sapling":2,"minecraft:egg":1,"minecraft:furnace":2,"minecraft:stick":8,"minecraft:pumpkin":13,"minecraft:torch":1,"tombstone:grave_dust":2,"minecraft:rotten_flesh":5,"luminousworld:yellow_grassflowers":1,"gamma_beasts:coal_nugget":8,"minecraft:oak_sapling":5,"minecraft:mutton":12,"minecraft:coal":64,"minecraft:white_wool":8,"minecraft:cobblestone":183},"minecraft:mined":{"luminousworld:grassvariant_4":1,"minecraft:crafting_table":4,"minecraft:grass_block":2,"minecraft:cobblestone":2,"minecraft:oak_planks":10,"minecraft:wall_torch":1,"minecraft:furnace":2,"luminousworld:yellow_grassflowers":1,"minecraft:birch_log":6,"minecraft:birch_leaves":2,"minecraft:pumpkin":13,"gamma_beasts:thin_oak_log":2,"minecraft:grass":3,"minecraft:oak_log":7,"minecraft:coal_ore":32,"minecraft:stone":182,"minecraft:oak_leaves":8},"minecraft:custom":{"minecraft:interact_with_furnace":8,"minecraft:mob_kills":19,"minecraft:interact_with_crafting_table":4,"minecraft:damage_dealt_resisted":0,"minecraft:leave_game":5,"minecraft:time_since_death":46697,"minecraft:time_since_rest":46336,"minecraft:sprint_one_cm":105753,"minecraft:damage_taken":625,"minecraft:walk_one_cm":178965,"minecraft:drop":3,"minecraft:damage_dealt":2635,"minecraft:swim_one_cm":4565,"minecraft:fly_one_cm":100523,"minecraft:play_time":71061,"tombstone:undead_killed":5,"minecraft:deaths":1,"minecraft:sneak_time":22,"minecraft:walk_under_water_one_cm":2175,"minecraft:jump":763,"minecraft:walk_on_water_one_cm":8547,"minecraft:total_world_time":71061,"minecraft:fall_one_cm":12174},"minecraft:dropped":{"gamma_beasts:coal_nugget":1,"minecraft:cooked_mutton":2},"minecraft:killed":{"luminousworld:swallowtail":1,"born_in_chaos_v1:decrepit_skeleton":2,"minecraft:sheep":8,"minecraft:zombie":3,"born_in_chaos_v1:corpse_fly":2,"realmrpg_demons:chort":1,"minecraft:cow":1}},"DataVersion":3465}