{"stats":{"minecraft:custom":{"minecraft:jump":54,"minecraft:time_since_rest":9846,"minecraft:crouch_one_cm":1,"minecraft:leave_game":1,"minecraft:play_time":9846,"minecraft:sprint_one_cm":4622,"minecraft:time_since_death":9846,"minecraft:walk_one_cm":6712,"minecraft:sneak_time":23,"minecraft:total_world_time":9846,"minecraft:fall_one_cm":1045,"minecraft:fly_one_cm":8625},"minecraft:picked_up":{"minecraft:dirt":2},"minecraft:used":{"minecraft:dirt":2},"minecraft:mined":{"minecraft:grass_block":2}},"DataVersion":3465}