{"stats":{"minecraft:killed_by":{"undead_revamp2:thespitter":2},"minecraft:dropped":{"gamma_beasts:coal_nugget":1,"gamma_beasts:birch_leaf":2,"minecraft:map":1,"minecraft:jungle_sapling":1,"minecraft:cobblestone_wall":5,"minecraft:cooked_mutton":2,"minecraft:spruce_fence":2,"minecraft:stone_brick_wall":1,"apotheosis:gem":3,"minecraft:stone_bricks":21,"minecraft:iron_bars":1,"minecraft:stone_brick_stairs":2},"minecraft:crafted":{"minecraft:oak_planks":32,"quark:birch_chest":1,"minecraft:leather_boots":1,"minecraft:birch_boat":1,"minecraft:furnace":1,"minecraft:cooked_mutton":11,"minecraft:stone_pickaxe":4,"minecraft:cooked_beef":14,"ironchest:wood_to_copper_chest_upgrade":1,"moonsweaponry:stone_mace":1,"iceandfire:silver_ingot":6,"minecraft:crafting_table":3,"minecraft:wooden_pickaxe":1,"minecraft:copper_ingot":16,"minecraft:leather_helmet":1,"minecraft:birch_planks":28,"minecraft:stone_axe":1,"minecraft:air":0,"minecraft:jungle_planks":44,"bettercopper:copper_chestplate":1,"minecraft:oak_fence_gate":1,"minecraft:oak_boat":1,"minecraft:stick":28,"minecraft:stone_sword":1,"minecraft:white_bed":1,"minecraft:torch":12},"minecraft:used":{"minecraft:stone_sword":131,"quark:birch_chest":1,"minecraft:spruce_planks":1,"minecraft:torch":16,"minecraft:dirt":4,"minecraft:mutton":1,"minecraft:jungle_planks":12,"minecraft:oak_fence_gate":1,"gamma_beasts:pear":17,"iceandfire:ghost_chest":1,"minecraft:item_frame":3,"minecraft:beef":1,"minecraft:furnace":3,"tombstone:gift":2,"minecraft:cooked_beef":13,"minecraft:cooked_mutton":9,"minecraft:birch_planks":3,"minecraft:stone_pickaxe":398,"minecraft:oak_planks":14,"minecraft:birch_boat":1,"minecraft:wooden_pickaxe":59,"luminousworld:yellow_grassflowers":1,"ironchest:wood_to_copper_chest_upgrade":1,"anthropology_items__structures:hunters_machete":1,"luminousworld:white_petunias":1,"minecraft:crafting_table":7,"minecraft:white_bed":1,"minecraft:oak_log":4,"minecraft:stone_axe":88,"minecraft:cobblestone":27,"minecraft:birch_log":1,"alexsmobs:animal_dictionary":1,"minecraft:oak_boat":1,"minecraft:dandelion":1,"moonsweaponry:stone_mace":75},"minecraft:custom":{"minecraft:mob_kills":41,"minecraft:interact_with_crafting_table":24,"minecraft:open_barrel":36,"minecraft:damage_dealt_resisted":985,"minecraft:leave_game":6,"minecraft:time_since_death":90056,"minecraft:climb_one_cm":8199,"minecraft:sprint_one_cm":282806,"minecraft:walk_one_cm":601420,"minecraft:drop":42,"minecraft:play_time":198006,"minecraft:deaths":3,"minecraft:sneak_time":292,"minecraft:walk_under_water_one_cm":19008,"minecraft:boat_one_cm":64305,"minecraft:jump":2728,"minecraft:walk_on_water_one_cm":49585,"minecraft:total_world_time":198006,"minecraft:interact_with_furnace":27,"tombstone:raider_killed":1,"minecraft:sleep_in_bed":2,"minecraft:time_since_rest":58840,"minecraft:damage_taken":2765,"minecraft:trigger_trapped_chest":2,"minecraft:damage_dealt":7116,"minecraft:swim_one_cm":25028,"minecraft:fly_one_cm":288890,"minecraft:open_chest":33,"minecraft:crouch_one_cm":128,"tombstone:undead_killed":21,"minecraft:fall_one_cm":39496},"minecraft:mined":{"luminousworld:white_petunias":1,"minecraft:spruce_planks":1,"gamma_beasts:jungla_hoja_1":9,"iceandfire:silver_ore":7,"luminousworld:grassvariant_4":1,"minecraft:jungle_leaves":3,"minecraft:spruce_trapdoor":3,"minecraft:spruce_fence":14,"minecraft:grass_block":8,"minecraft:jungle_log":10,"minecraft:furnace":2,"luminousworld:yellow_grassflowers":1,"minecraft:pumpkin":13,"evilcraft:dark_ore":2,"minecraft:dirt_path":1,"minecraft:vine":34,"minecraft:stripped_jungle_log":1,"minecraft:stone":245,"gamma_beasts:jungla_hoja":5,"minecraft:dandelion":1,"gamma_beasts:abedul_hoja_1":5,"minecraft:crafting_table":4,"minecraft:melon":3,"iceandfire:ghost_chest":1,"minecraft:cobblestone":2,"minecraft:tall_grass":2,"minecraft:copper_ore":11,"minecraft:oak_planks":14,"minecraft:wall_torch":1,"minecraft:spruce_stairs":3,"gamma_beasts:abedul_hojas":10,"minecraft:birch_log":8,"minecraft:birch_leaves":7,"minecraft:wither_rose":1,"gamma_beasts:thin_oak_log":2,"minecraft:grass":11,"minecraft:coal_ore":180,"minecraft:oak_log":16,"minecraft:cocoa":2,"minecraft:flower_pot":1,"minecraft:dirt":1,"minecraft:oak_leaves":27},"minecraft:picked_up":{"gamma_beasts:thin_oak_log":2,"minecraft:cocoa_beans":6,"minecraft:crafting_table":4,"minecraft:wheat":1,"minecraft:chainmail_boots":2,"naturalist:venison":1,"minecraft:turtle_helmet":2,"minecraft:stone_brick_wall":1,"minecraft:wither_rose":1,"gamma_beasts:birch_leaf":5,"minecraft:stone_brick_stairs":2,"minecraft:raw_copper":36,"evilcraft:poison_sac":1,"minecraft:item_frame":3,"mysticalagriculture:inferium_essence":9,"minecraft:spruce_planks":7,"minecraft:beef":1,"minecraft:jungle_sapling":1,"minecraft:melon_slice":12,"minecraft:birch_sapling":2,"crittersandcompanions:clam":1,"minecraft:mangrove_log":2,"gamma_beasts:lemon":12,"minecraft:egg":1,"minecraft:furnace":2,"gamma_beasts:jungle_leaf":9,"minecraft:stick":12,"iceandfire:ghost_chest":1,"apotheosis:gem":3,"minecraft:torch":2,"minecraft:spruce_stairs":3,"minecraft:spruce_fence":15,"tombstone:grave_dust":6,"minecraft:arrow":2,"minecraft:rotten_flesh":20,"luminousworld:yellow_grassflowers":1,"gamma_beasts:coal_nugget":67,"minecraft:mutton":12,"minecraft:iron_bars":1,"minecraft:white_wool":8,"minecraft:cobblestone":246,"minecraft:birch_log":8,"gamma_beasts:pear":30,"born_in_chaos_v1:corpse_maggot":6,"minecraft:feather":1,"minecraft:jungle_log":10,"minecraft:oak_log":20,"minecraft:cobblestone_wall":5,"minecraft:gunpowder":2,"minecraft:dirt":6,"minecraft:lantern":4,"minecraft:bone":17,"minecraft:stone_bricks":21,"minecraft:wheat_seeds":1,"luminousworld:white_petunias":1,"minecraft:oak_planks":14,"minecraft:book":12,"minecraft:pumpkin":13,"minecraft:dandelion":1,"minecraft:gravel":3,"minecraft:spruce_log":2,"minecraft:stripped_jungle_log":1,"minecraft:bundle":1,"jeg:ectoplasm":1,"evilcraft:dark_gem":8,"minecraft:bone_meal":1,"minecraft:oak_sapling":6,"minecraft:coal":212,"iceandfire:raw_silver":7},"minecraft:broken":{"minecraft:stone_sword":1,"minecraft:wooden_pickaxe":1,"minecraft:stone_pickaxe":3},"minecraft:killed":{"alexsmobs:lobster":1,"born_in_chaos_v1:zombie_lumberjack":1,"luminousworld:swallowtail":1,"minecraft:skeleton":2,"naturalist:deer":1,"alexsmobs:blue_jay":1,"undead_revamp2:coppertar":1,"realmrpg_demons:chort":1,"luminousworld:monarch":1,"minecraft:drowned":2,"jeg:ghoul":1,"earthmobsmod:skeleton_wolf":1,"undead_revamp2:the_moonflower":1,"born_in_chaos_v1:decrepit_skeleton":3,"minecraft:sheep":8,"minecraft:pillager":1,"minecraft:zombie":8,"iceandfire:ghost":1,"born_in_chaos_v1:corpse_fly":2,"born_in_chaos_v1:door_knight":1,"minecraft:cow":1}},"DataVersion":3465}