{"stats":{"minecraft:crafted":{"minecraft:oak_planks":32,"minecraft:crafting_table":1,"minecraft:wooden_pickaxe":1,"minecraft:furnace":1,"minecraft:birch_planks":20,"minecraft:stone_axe":1,"minecraft:cooked_mutton":11,"minecraft:air":0,"minecraft:oak_boat":1,"minecraft:stick":8,"minecraft:stone_pickaxe":2,"minecraft:stone_sword":1,"minecraft:torch":4},"minecraft:used":{"minecraft:cooked_mutton":9,"minecraft:stone_sword":69,"minecraft:stone_pickaxe":224,"minecraft:oak_planks":14,"minecraft:spruce_planks":1,"minecraft:wooden_pickaxe":59,"luminousworld:yellow_grassflowers":1,"minecraft:torch":4,"minecraft:dirt":1,"minecraft:mutton":1,"minecraft:crafting_table":5,"minecraft:oak_log":4,"gamma_beasts:pear":4,"minecraft:item_frame":3,"minecraft:stone_axe":38,"minecraft:cobblestone":24,"minecraft:beef":1,"minecraft:furnace":2,"minecraft:birch_log":1,"minecraft:oak_boat":1,"alexsmobs:animal_dictionary":1},"minecraft:broken":{"minecraft:stone_pickaxe":1,"minecraft:wooden_pickaxe":1},"minecraft:picked_up":{"minecraft:birch_log":6,"gamma_beasts:pear":18,"gamma_beasts:thin_oak_log":2,"born_in_chaos_v1:corpse_maggot":6,"minecraft:crafting_table":4,"minecraft:wheat":1,"minecraft:stone_brick_wall":1,"gamma_beasts:birch_leaf":2,"minecraft:stone_brick_stairs":2,"minecraft:oak_log":11,"minecraft:cobblestone_wall":5,"minecraft:gunpowder":2,"minecraft:dirt":2,"evilcraft:poison_sac":1,"minecraft:item_frame":3,"minecraft:bone":3,"minecraft:stone_bricks":21,"mysticalagriculture:inferium_essence":2,"minecraft:spruce_planks":7,"minecraft:beef":1,"minecraft:oak_planks":14,"minecraft:birch_sapling":2,"minecraft:egg":1,"minecraft:furnace":2,"minecraft:book":12,"minecraft:stick":8,"apotheosis:gem":3,"minecraft:pumpkin":13,"minecraft:torch":1,"tombstone:grave_dust":4,"minecraft:rotten_flesh":7,"luminousworld:yellow_grassflowers":1,"gamma_beasts:coal_nugget":26,"minecraft:oak_sapling":5,"minecraft:iron_bars":1,"minecraft:mutton":12,"minecraft:coal":109,"iceandfire:raw_silver":4,"minecraft:white_wool":8,"minecraft:cobblestone":199},"minecraft:mined":{"minecraft:spruce_planks":1,"iceandfire:silver_ore":4,"luminousworld:grassvariant_4":1,"gamma_beasts:abedul_hoja_1":2,"minecraft:crafting_table":4,"minecraft:grass_block":2,"minecraft:cobblestone":2,"minecraft:oak_planks":14,"minecraft:wall_torch":1,"gamma_beasts:abedul_hojas":6,"minecraft:furnace":2,"luminousworld:yellow_grassflowers":1,"minecraft:birch_log":6,"minecraft:birch_leaves":2,"minecraft:pumpkin":13,"gamma_beasts:thin_oak_log":2,"minecraft:grass":3,"minecraft:oak_log":7,"minecraft:coal_ore":77,"minecraft:stone":198,"minecraft:oak_leaves":16},"minecraft:custom":{"minecraft:interact_with_furnace":8,"minecraft:mob_kills":20,"minecraft:interact_with_crafting_table":5,"minecraft:damage_dealt_resisted":0,"minecraft:leave_game":5,"minecraft:time_since_death":58697,"minecraft:time_since_rest":58336,"minecraft:sprint_one_cm":129559,"minecraft:damage_taken":875,"minecraft:walk_one_cm":214530,"minecraft:trigger_trapped_chest":1,"minecraft:drop":38,"minecraft:damage_dealt":2836,"minecraft:swim_one_cm":4565,"minecraft:fly_one_cm":140631,"minecraft:crouch_one_cm":123,"minecraft:play_time":83061,"tombstone:undead_killed":6,"minecraft:deaths":1,"minecraft:sneak_time":124,"minecraft:walk_under_water_one_cm":3684,"minecraft:boat_one_cm":31410,"minecraft:jump":971,"minecraft:walk_on_water_one_cm":15056,"minecraft:total_world_time":83061,"minecraft:fall_one_cm":15564},"minecraft:dropped":{"minecraft:cobblestone_wall":5,"gamma_beasts:coal_nugget":1,"gamma_beasts:birch_leaf":2,"minecraft:cooked_mutton":2,"minecraft:stone_brick_wall":1,"apotheosis:gem":3,"minecraft:stone_bricks":21,"minecraft:iron_bars":1,"minecraft:stone_brick_stairs":2},"minecraft:killed":{"luminousworld:swallowtail":1,"born_in_chaos_v1:decrepit_skeleton":2,"minecraft:sheep":8,"minecraft:zombie":4,"born_in_chaos_v1:corpse_fly":2,"realmrpg_demons:chort":1,"minecraft:cow":1}},"DataVersion":3465}