{"stats":{"minecraft:custom":{"minecraft:time_since_rest":6652,"minecraft:interact_with_furnace":2,"minecraft:sprint_one_cm":54306,"minecraft:damage_taken":432,"minecraft:walk_one_cm":107579,"minecraft:mob_kills":8,"minecraft:drop":1,"minecraft:damage_dealt":1022,"minecraft:swim_one_cm":3877,"minecraft:interact_with_crafting_table":4,"minecraft:fly_one_cm":98021,"minecraft:deaths":1,"minecraft:crouch_one_cm":11,"minecraft:play_time":57846,"tombstone:undead_killed":1,"minecraft:sneak_time":162,"minecraft:walk_under_water_one_cm":13667,"minecraft:jump":666,"minecraft:damage_dealt_resisted":0,"minecraft:leave_game":1,"minecraft:walk_on_water_one_cm":7847,"minecraft:time_since_death":6900,"minecraft:total_world_time":57846,"minecraft:fall_one_cm":11828},"minecraft:picked_up":{"minecraft:birch_log":1,"minecraft:crafting_table":1,"minecraft:feather":2,"minecraft:chicken":4,"minecraft:leather":1,"minecraft:torch":2,"minecraft:oak_log":24,"minecraft:dirt":26,"minecraft:raw_copper":1,"minecraft:tube_coral":1,"minecraft:rotten_flesh":1,"mysticalagriculture:inferium_essence":3,"minecraft:wheat_seeds":3,"minecraft:beef":3,"minecraft:mutton":2,"minecraft:oak_planks":8,"minecraft:birch_sapling":4,"minecraft:oak_sapling":5,"twigs:twig":3,"minecraft:coal":4,"minecraft:cod":1,"minecraft:white_wool":2,"minecraft:furnace":1,"minecraft:cobblestone":83,"minecraft:egg":2},"minecraft:used":{"minecraft:stone_pickaxe":29,"minecraft:birch_sapling":4,"minecraft:wooden_pickaxe":59,"minecraft:cooked_chicken":4,"minecraft:torch":4,"minecraft:stone_axe":20,"minecraft:wooden_sword":38,"minecraft:dirt":3,"minecraft:crafting_table":1,"minecraft:furnace":1,"minecraft:oak_sapling":2,"minecraft:birch_log":1,"minecraft:cod":1,"minecraft:egg":2},"minecraft:mined":{"minecraft:furnace":1,"minecraft:birch_leaves":2,"minecraft:crafting_table":1,"minecraft:torch":2,"minecraft:grass":3,"minecraft:coal_ore":4,"minecraft:grass_block":6,"minecraft:oak_log":24,"minecraft:dirt":20,"minecraft:stone":83,"minecraft:oak_leaves":6},"minecraft:broken":{"minecraft:wooden_pickaxe":1},"minecraft:crafted":{"minecraft:wooden_sword":1,"minecraft:oak_planks":24,"minecraft:crafting_table":1,"minecraft:stick":8,"minecraft:wooden_pickaxe":1,"minecraft:cooked_chicken":4,"minecraft:stone_pickaxe":1,"minecraft:furnace":1,"minecraft:torch":4,"minecraft:stone_axe":1,"minecraft:air":0},"minecraft:killed_by":{"minecraft:player":1},"minecraft:dropped":{"minecraft:wheat_seeds":1},"minecraft:killed":{"born_in_chaos_v1:barrel_zombie":1,"minecraft:sheep":2,"minecraft:chicken":4,"minecraft:cow":1}},"DataVersion":3465}