{"stats":{"minecraft:broken":{"minecraft:wooden_pickaxe":1},"minecraft:crafted":{"minecraft:oak_planks":32,"minecraft:crafting_table":1,"minecraft:stick":8,"minecraft:wooden_pickaxe":1,"minecraft:stone_pickaxe":1,"minecraft:stone_sword":1,"minecraft:furnace":1,"minecraft:torch":4,"minecraft:birch_planks":20,"minecraft:stone_axe":1,"minecraft:air":0,"minecraft:cooked_mutton":7},"minecraft:used":{"minecraft:oak_log":4,"minecraft:cooked_mutton":4,"minecraft:stone_sword":31,"minecraft:stone_pickaxe":122,"minecraft:wooden_pickaxe":59,"minecraft:stone_axe":23,"minecraft:torch":2,"minecraft:mutton":1,"minecraft:cobblestone":24,"minecraft:crafting_table":1,"minecraft:furnace":1,"minecraft:birch_log":1,"alexsmobs:animal_dictionary":1},"minecraft:picked_up":{"born_in_chaos_v1:corpse_maggot":4,"minecraft:birch_log":6,"minecraft:stick":8,"minecraft:crafting_table":2,"minecraft:wheat":1,"minecraft:pumpkin":13,"minecraft:torch":1,"minecraft:oak_log":11,"minecraft:gunpowder":2,"evilcraft:poison_sac":1,"minecraft:bone":2,"minecraft:rotten_flesh":5,"mysticalagriculture:inferium_essence":2,"minecraft:beef":1,"gamma_beasts:coal_nugget":2,"gamma_beasts:thin_oak_log":2,"minecraft:birch_sapling":2,"minecraft:furnace":1,"minecraft:oak_sapling":5,"minecraft:mutton":8,"minecraft:coal":4,"minecraft:white_wool":5,"minecraft:cobblestone":176,"minecraft:egg":1},"minecraft:mined":{"minecraft:furnace":1,"luminousworld:grassvariant_4":1,"minecraft:birch_log":6,"minecraft:birch_leaves":2,"minecraft:pumpkin":13,"minecraft:crafting_table":2,"gamma_beasts:thin_oak_log":2,"minecraft:grass":2,"minecraft:coal_ore":3,"minecraft:oak_log":7,"minecraft:cobblestone":2,"minecraft:stone":175,"minecraft:wall_torch":1,"minecraft:oak_leaves":8},"minecraft:custom":{"minecraft:time_since_rest":34336,"minecraft:interact_with_furnace":5,"minecraft:sprint_one_cm":68772,"minecraft:damage_taken":405,"minecraft:walk_one_cm":138931,"minecraft:mob_kills":12,"minecraft:drop":3,"minecraft:damage_dealt":1355,"minecraft:interact_with_crafting_table":3,"minecraft:swim_one_cm":1319,"minecraft:fly_one_cm":54074,"minecraft:play_time":59061,"tombstone:undead_killed":2,"minecraft:deaths":1,"minecraft:sneak_time":13,"minecraft:walk_under_water_one_cm":428,"minecraft:damage_dealt_resisted":0,"minecraft:jump":503,"minecraft:time_since_death":34697,"minecraft:leave_game":5,"minecraft:walk_on_water_one_cm":2575,"minecraft:total_world_time":59061,"minecraft:fall_one_cm":8935},"minecraft:dropped":{"gamma_beasts:coal_nugget":1,"minecraft:cooked_mutton":2},"minecraft:killed":{"minecraft:sheep":5,"minecraft:zombie":1,"born_in_chaos_v1:corpse_fly":1,"realmrpg_demons:chort":1,"luminousworld:swallowtail":1,"minecraft:cow":1,"born_in_chaos_v1:decrepit_skeleton":1}},"DataVersion":3465}