{"stats":{"minecraft:picked_up":{"minecraft:birch_log":6,"minecraft:stick":2,"minecraft:bone":1,"minecraft:rotten_flesh":1,"minecraft:oak_log":7,"minecraft:gunpowder":2,"minecraft:oak_sapling":2,"minecraft:cobblestone":2},"minecraft:mined":{"minecraft:oak_log":4,"minecraft:birch_log":6,"minecraft:birch_leaves":2,"minecraft:oak_leaves":7},"minecraft:custom":{"minecraft:time_since_rest":6984,"minecraft:damage_taken":235,"minecraft:sprint_one_cm":6065,"minecraft:play_time":31709,"minecraft:deaths":1,"minecraft:walk_one_cm":35760,"minecraft:sneak_time":1,"minecraft:mob_kills":1,"minecraft:jump":163,"minecraft:damage_dealt":95,"minecraft:leave_game":5,"minecraft:time_since_death":7345,"minecraft:total_world_time":31709,"minecraft:fall_one_cm":4275,"minecraft:fly_one_cm":7617},"minecraft:used":{"minecraft:oak_log":4,"minecraft:birch_log":1,"alexsmobs:animal_dictionary":1},"minecraft:crafted":{"minecraft:oak_planks":12}},"DataVersion":3465}