{"stats":{"minecraft:picked_up":{"minecraft:birch_log":6,"minecraft:stick":2,"minecraft:bone":1,"minecraft:rotten_flesh":1,"minecraft:oak_log":7,"minecraft:gunpowder":2,"minecraft:oak_sapling":2,"minecraft:cobblestone":2},"minecraft:mined":{"minecraft:oak_log":4,"minecraft:birch_log":6,"minecraft:birch_leaves":2,"minecraft:oak_leaves":4},"minecraft:custom":{"minecraft:time_since_rest":1934,"minecraft:damage_taken":215,"minecraft:sprint_one_cm":5656,"minecraft:play_time":26659,"minecraft:deaths":1,"minecraft:walk_one_cm":31244,"minecraft:sneak_time":1,"minecraft:mob_kills":1,"minecraft:jump":136,"minecraft:damage_dealt":95,"minecraft:leave_game":4,"minecraft:time_since_death":2295,"minecraft:total_world_time":26659,"minecraft:fall_one_cm":3526,"minecraft:fly_one_cm":7096},"minecraft:used":{"minecraft:oak_log":4,"minecraft:birch_log":1,"alexsmobs:animal_dictionary":1},"minecraft:crafted":{"minecraft:oak_planks":12}},"DataVersion":3465}