{"stats":{"minecraft:custom":{"minecraft:jump":75,"minecraft:time_since_rest":15265,"minecraft:leave_game":3,"minecraft:play_time":15265,"minecraft:sprint_one_cm":3418,"minecraft:time_since_death":15265,"minecraft:walk_one_cm":11500,"minecraft:total_world_time":15265,"minecraft:fall_one_cm":1672,"minecraft:fly_one_cm":4489},"minecraft:used":{"minecraft:oak_log":1,"alexsmobs:animal_dictionary":1},"minecraft:picked_up":{"minecraft:oak_log":1},"minecraft:mined":{"minecraft:oak_log":1,"minecraft:oak_leaves":3}},"DataVersion":3465}