{"stats":{"minecraft:crafted":{"minecraft:oak_planks":12,"minecraft:crafting_table":1},"minecraft:used":{"minecraft:oak_log":4,"minecraft:crafting_table":1,"minecraft:birch_log":1,"alexsmobs:animal_dictionary":1},"minecraft:picked_up":{"minecraft:birch_log":6,"minecraft:stick":2,"minecraft:bone":1,"minecraft:rotten_flesh":1,"minecraft:oak_log":7,"minecraft:gunpowder":2,"minecraft:oak_sapling":2,"minecraft:cobblestone":2},"minecraft:mined":{"minecraft:oak_log":4,"minecraft:birch_log":6,"minecraft:birch_leaves":2,"minecraft:oak_leaves":7},"minecraft:custom":{"minecraft:time_since_rest":10336,"minecraft:damage_taken":235,"minecraft:sprint_one_cm":7308,"minecraft:play_time":35061,"minecraft:deaths":1,"minecraft:walk_one_cm":40993,"minecraft:sneak_time":1,"minecraft:mob_kills":1,"minecraft:jump":179,"minecraft:damage_dealt":95,"minecraft:leave_game":5,"minecraft:time_since_death":10697,"minecraft:total_world_time":35061,"minecraft:interact_with_crafting_table":1,"minecraft:fall_one_cm":4275,"minecraft:fly_one_cm":7970}},"DataVersion":3465}