{"stats":{"minecraft:crafted":{"moonsweaponry:stone_mace":1,"minecraft:oak_planks":32,"quark:birch_chest":1,"iceandfire:silver_ingot":4,"minecraft:crafting_table":2,"minecraft:wooden_pickaxe":1,"minecraft:furnace":1,"minecraft:birch_planks":20,"minecraft:stone_axe":1,"minecraft:cooked_mutton":11,"minecraft:air":0,"minecraft:oak_fence_gate":1,"minecraft:oak_boat":1,"minecraft:stick":16,"minecraft:stone_pickaxe":2,"minecraft:stone_sword":1,"minecraft:white_bed":1,"minecraft:torch":4},"minecraft:used":{"minecraft:cooked_mutton":9,"quark:birch_chest":1,"minecraft:stone_sword":85,"minecraft:birch_planks":3,"minecraft:stone_pickaxe":224,"minecraft:oak_planks":14,"minecraft:spruce_planks":1,"minecraft:wooden_pickaxe":59,"luminousworld:yellow_grassflowers":1,"minecraft:torch":4,"minecraft:dirt":1,"minecraft:mutton":1,"minecraft:crafting_table":6,"minecraft:white_bed":1,"minecraft:oak_fence_gate":1,"minecraft:oak_log":4,"gamma_beasts:pear":9,"minecraft:item_frame":3,"minecraft:stone_axe":38,"minecraft:cobblestone":27,"minecraft:beef":1,"minecraft:furnace":3,"minecraft:birch_log":1,"minecraft:oak_boat":1,"alexsmobs:animal_dictionary":1},"minecraft:broken":{"minecraft:stone_pickaxe":1,"minecraft:wooden_pickaxe":1},"minecraft:picked_up":{"minecraft:birch_log":6,"gamma_beasts:pear":18,"gamma_beasts:thin_oak_log":2,"born_in_chaos_v1:corpse_maggot":6,"minecraft:crafting_table":4,"minecraft:wheat":1,"minecraft:chainmail_boots":2,"minecraft:turtle_helmet":2,"minecraft:stone_brick_wall":1,"gamma_beasts:birch_leaf":2,"minecraft:stone_brick_stairs":2,"minecraft:oak_log":11,"minecraft:cobblestone_wall":5,"minecraft:gunpowder":2,"minecraft:dirt":2,"evilcraft:poison_sac":1,"minecraft:item_frame":3,"minecraft:bone":3,"minecraft:stone_bricks":21,"mysticalagriculture:inferium_essence":3,"minecraft:spruce_planks":7,"minecraft:beef":1,"minecraft:oak_planks":14,"minecraft:birch_sapling":2,"minecraft:egg":1,"minecraft:furnace":2,"minecraft:book":12,"minecraft:stick":8,"apotheosis:gem":3,"minecraft:pumpkin":13,"minecraft:torch":1,"minecraft:spruce_fence":2,"tombstone:grave_dust":4,"minecraft:rotten_flesh":12,"luminousworld:yellow_grassflowers":1,"gamma_beasts:coal_nugget":26,"minecraft:oak_sapling":5,"minecraft:iron_bars":1,"minecraft:mutton":12,"minecraft:coal":109,"iceandfire:raw_silver":4,"minecraft:white_wool":8,"minecraft:cobblestone":199},"minecraft:mined":{"minecraft:spruce_planks":1,"iceandfire:silver_ore":4,"luminousworld:grassvariant_4":1,"gamma_beasts:abedul_hoja_1":2,"minecraft:crafting_table":4,"minecraft:spruce_fence":1,"minecraft:grass_block":2,"minecraft:cobblestone":2,"minecraft:oak_planks":14,"minecraft:wall_torch":1,"gamma_beasts:abedul_hojas":6,"minecraft:furnace":2,"luminousworld:yellow_grassflowers":1,"minecraft:birch_log":6,"minecraft:birch_leaves":2,"minecraft:pumpkin":13,"gamma_beasts:thin_oak_log":2,"minecraft:grass":3,"minecraft:vine":3,"minecraft:oak_log":7,"minecraft:coal_ore":77,"minecraft:stone":198,"minecraft:oak_leaves":17},"minecraft:custom":{"minecraft:interact_with_furnace":14,"minecraft:mob_kills":22,"minecraft:interact_with_crafting_table":12,"minecraft:open_barrel":19,"minecraft:damage_dealt_resisted":0,"minecraft:leave_game":6,"minecraft:time_since_death":2056,"minecraft:sleep_in_bed":1,"minecraft:climb_one_cm":440,"minecraft:time_since_rest":1345,"minecraft:sprint_one_cm":139836,"minecraft:damage_taken":1315,"minecraft:walk_one_cm":271664,"minecraft:trigger_trapped_chest":1,"minecraft:drop":40,"minecraft:damage_dealt":3318,"minecraft:swim_one_cm":4565,"minecraft:fly_one_cm":146842,"minecraft:open_chest":8,"minecraft:crouch_one_cm":123,"minecraft:play_time":98382,"tombstone:undead_killed":8,"minecraft:deaths":2,"minecraft:sneak_time":131,"minecraft:walk_under_water_one_cm":3684,"minecraft:boat_one_cm":31410,"minecraft:jump":1133,"minecraft:walk_on_water_one_cm":17375,"minecraft:total_world_time":98382,"minecraft:fall_one_cm":17004},"minecraft:killed_by":{"undead_revamp2:thespitter":1},"minecraft:dropped":{"minecraft:cobblestone_wall":5,"gamma_beasts:coal_nugget":1,"gamma_beasts:birch_leaf":2,"minecraft:cooked_mutton":2,"minecraft:spruce_fence":2,"minecraft:stone_brick_wall":1,"apotheosis:gem":3,"minecraft:stone_bricks":21,"minecraft:iron_bars":1,"minecraft:stone_brick_stairs":2},"minecraft:killed":{"undead_revamp2:the_moonflower":1,"luminousworld:swallowtail":1,"born_in_chaos_v1:decrepit_skeleton":2,"minecraft:sheep":8,"minecraft:zombie":5,"born_in_chaos_v1:corpse_fly":2,"realmrpg_demons:chort":1,"minecraft:cow":1}},"DataVersion":3465}