{"stats":{"minecraft:killed_by":{"undead_revamp2:thespitter":2},"minecraft:dropped":{"gamma_beasts:coal_nugget":1,"gamma_beasts:birch_leaf":2,"minecraft:jungle_sapling":1,"minecraft:cobblestone_wall":5,"minecraft:cooked_mutton":2,"minecraft:spruce_fence":2,"minecraft:stone_brick_wall":1,"apotheosis:gem":3,"minecraft:stone_bricks":21,"minecraft:iron_bars":1,"minecraft:stone_brick_stairs":2},"minecraft:crafted":{"minecraft:oak_planks":32,"quark:birch_chest":1,"minecraft:leather_boots":1,"minecraft:furnace":1,"minecraft:cooked_mutton":11,"minecraft:stone_pickaxe":3,"minecraft:cooked_beef":14,"moonsweaponry:stone_mace":1,"iceandfire:silver_ingot":4,"minecraft:crafting_table":2,"minecraft:wooden_pickaxe":1,"minecraft:leather_helmet":1,"minecraft:birch_planks":20,"minecraft:stone_axe":1,"minecraft:air":0,"minecraft:jungle_planks":20,"minecraft:oak_fence_gate":1,"minecraft:oak_boat":1,"minecraft:stick":24,"minecraft:stone_sword":1,"minecraft:white_bed":1,"minecraft:torch":12},"minecraft:used":{"minecraft:stone_sword":131,"quark:birch_chest":1,"minecraft:spruce_planks":1,"minecraft:torch":12,"minecraft:dirt":4,"minecraft:mutton":1,"minecraft:oak_fence_gate":1,"gamma_beasts:pear":17,"minecraft:item_frame":3,"minecraft:beef":1,"minecraft:furnace":3,"tombstone:gift":2,"minecraft:cooked_beef":3,"minecraft:cooked_mutton":9,"minecraft:birch_planks":3,"minecraft:stone_pickaxe":327,"minecraft:oak_planks":14,"minecraft:wooden_pickaxe":59,"luminousworld:yellow_grassflowers":1,"luminousworld:white_petunias":1,"minecraft:crafting_table":6,"minecraft:white_bed":1,"minecraft:oak_log":4,"minecraft:stone_axe":65,"minecraft:cobblestone":27,"minecraft:birch_log":1,"alexsmobs:animal_dictionary":1,"minecraft:oak_boat":1},"minecraft:custom":{"minecraft:mob_kills":32,"minecraft:interact_with_crafting_table":17,"minecraft:open_barrel":29,"minecraft:damage_dealt_resisted":0,"minecraft:leave_game":6,"minecraft:time_since_death":42056,"minecraft:climb_one_cm":6100,"minecraft:sprint_one_cm":192605,"minecraft:walk_one_cm":448521,"minecraft:drop":41,"minecraft:play_time":150006,"minecraft:deaths":3,"minecraft:sneak_time":196,"minecraft:walk_under_water_one_cm":8373,"minecraft:boat_one_cm":31410,"minecraft:jump":1871,"minecraft:walk_on_water_one_cm":24796,"minecraft:total_world_time":150006,"minecraft:interact_with_furnace":23,"minecraft:sleep_in_bed":2,"minecraft:time_since_rest":10840,"minecraft:damage_taken":2017,"minecraft:trigger_trapped_chest":1,"minecraft:damage_dealt":5082,"minecraft:swim_one_cm":7069,"minecraft:fly_one_cm":190958,"minecraft:open_chest":21,"minecraft:crouch_one_cm":123,"tombstone:undead_killed":15,"minecraft:fall_one_cm":26778},"minecraft:mined":{"luminousworld:white_petunias":1,"minecraft:spruce_planks":1,"gamma_beasts:jungla_hoja_1":9,"iceandfire:silver_ore":5,"luminousworld:grassvariant_4":1,"minecraft:jungle_leaves":3,"minecraft:spruce_fence":1,"minecraft:grass_block":5,"minecraft:jungle_log":10,"minecraft:furnace":2,"luminousworld:yellow_grassflowers":1,"minecraft:pumpkin":13,"evilcraft:dark_ore":2,"minecraft:dirt_path":1,"minecraft:vine":6,"minecraft:stripped_jungle_log":1,"minecraft:stone":224,"gamma_beasts:jungla_hoja":5,"gamma_beasts:abedul_hoja_1":2,"minecraft:crafting_table":4,"minecraft:melon":3,"minecraft:cobblestone":2,"minecraft:tall_grass":1,"minecraft:copper_ore":5,"minecraft:oak_planks":14,"minecraft:wall_torch":1,"gamma_beasts:abedul_hojas":6,"minecraft:birch_log":6,"minecraft:birch_leaves":3,"gamma_beasts:thin_oak_log":2,"minecraft:grass":6,"minecraft:coal_ore":144,"minecraft:oak_log":16,"minecraft:cocoa":2,"minecraft:oak_leaves":22},"minecraft:picked_up":{"gamma_beasts:thin_oak_log":2,"minecraft:cocoa_beans":6,"minecraft:crafting_table":4,"minecraft:wheat":1,"minecraft:chainmail_boots":2,"naturalist:venison":1,"minecraft:turtle_helmet":2,"minecraft:stone_brick_wall":1,"gamma_beasts:birch_leaf":2,"minecraft:stone_brick_stairs":2,"minecraft:raw_copper":16,"evilcraft:poison_sac":1,"minecraft:item_frame":3,"mysticalagriculture:inferium_essence":6,"minecraft:spruce_planks":7,"minecraft:beef":1,"minecraft:jungle_sapling":1,"minecraft:melon_slice":12,"minecraft:birch_sapling":2,"crittersandcompanions:clam":1,"minecraft:mangrove_log":2,"gamma_beasts:lemon":12,"minecraft:egg":1,"minecraft:furnace":2,"gamma_beasts:jungle_leaf":9,"minecraft:stick":12,"apotheosis:gem":3,"minecraft:torch":2,"minecraft:spruce_fence":2,"tombstone:grave_dust":5,"minecraft:arrow":1,"minecraft:rotten_flesh":18,"luminousworld:yellow_grassflowers":1,"gamma_beasts:coal_nugget":54,"minecraft:mutton":12,"minecraft:iron_bars":1,"minecraft:white_wool":8,"minecraft:cobblestone":225,"minecraft:birch_log":6,"gamma_beasts:pear":18,"born_in_chaos_v1:corpse_maggot":6,"minecraft:jungle_log":10,"minecraft:oak_log":20,"minecraft:cobblestone_wall":5,"minecraft:gunpowder":2,"minecraft:dirt":5,"minecraft:bone":4,"minecraft:stone_bricks":21,"minecraft:wheat_seeds":1,"luminousworld:white_petunias":1,"minecraft:oak_planks":14,"minecraft:book":12,"minecraft:pumpkin":13,"minecraft:spruce_log":2,"minecraft:stripped_jungle_log":1,"minecraft:bundle":1,"jeg:ectoplasm":1,"evilcraft:dark_gem":8,"minecraft:oak_sapling":6,"minecraft:coal":176,"iceandfire:raw_silver":5},"minecraft:broken":{"minecraft:stone_sword":1,"minecraft:wooden_pickaxe":1,"minecraft:stone_pickaxe":2},"minecraft:killed":{"born_in_chaos_v1:zombie_lumberjack":1,"luminousworld:swallowtail":1,"minecraft:skeleton":1,"naturalist:deer":1,"alexsmobs:blue_jay":1,"realmrpg_demons:chort":1,"luminousworld:monarch":1,"minecraft:drowned":1,"jeg:ghoul":1,"undead_revamp2:the_moonflower":1,"born_in_chaos_v1:decrepit_skeleton":2,"minecraft:sheep":8,"minecraft:zombie":8,"born_in_chaos_v1:corpse_fly":2,"minecraft:cow":1}},"DataVersion":3465}