{"stats":{"minecraft:killed_by":{"undead_revamp2:thespitter":2},"minecraft:dropped":{"minecraft:cobblestone_wall":5,"gamma_beasts:coal_nugget":1,"minecraft:cooked_mutton":2,"gamma_beasts:birch_leaf":2,"minecraft:spruce_fence":2,"minecraft:stone_brick_wall":1,"apotheosis:gem":3,"minecraft:jungle_sapling":1,"minecraft:stone_bricks":21,"minecraft:iron_bars":1,"minecraft:stone_brick_stairs":2},"minecraft:crafted":{"moonsweaponry:stone_mace":1,"minecraft:oak_planks":32,"quark:birch_chest":1,"iceandfire:silver_ingot":4,"minecraft:leather_boots":1,"minecraft:crafting_table":2,"minecraft:wooden_pickaxe":1,"minecraft:furnace":1,"minecraft:leather_helmet":1,"minecraft:birch_planks":20,"minecraft:stone_axe":1,"minecraft:cooked_mutton":11,"minecraft:air":0,"minecraft:jungle_planks":20,"minecraft:oak_fence_gate":1,"minecraft:oak_boat":1,"minecraft:stick":16,"minecraft:stone_pickaxe":2,"minecraft:stone_sword":1,"minecraft:white_bed":1,"minecraft:torch":12},"minecraft:used":{"minecraft:cooked_mutton":9,"quark:birch_chest":1,"minecraft:stone_sword":117,"minecraft:birch_planks":3,"minecraft:oak_planks":14,"minecraft:stone_pickaxe":263,"minecraft:spruce_planks":1,"minecraft:wooden_pickaxe":59,"luminousworld:yellow_grassflowers":1,"minecraft:torch":10,"minecraft:dirt":1,"minecraft:mutton":1,"luminousworld:white_petunias":1,"minecraft:crafting_table":6,"minecraft:white_bed":1,"minecraft:oak_fence_gate":1,"minecraft:oak_log":4,"gamma_beasts:pear":16,"minecraft:item_frame":3,"minecraft:cobblestone":27,"minecraft:stone_axe":61,"minecraft:beef":1,"minecraft:furnace":3,"minecraft:birch_log":1,"tombstone:gift":2,"minecraft:oak_boat":1,"alexsmobs:animal_dictionary":1},"minecraft:custom":{"minecraft:interact_with_furnace":21,"minecraft:mob_kills":28,"minecraft:interact_with_crafting_table":14,"minecraft:open_barrel":24,"minecraft:damage_dealt_resisted":0,"minecraft:leave_game":6,"minecraft:time_since_death":18056,"minecraft:sleep_in_bed":1,"minecraft:climb_one_cm":3843,"minecraft:time_since_rest":17513,"minecraft:sprint_one_cm":162392,"minecraft:damage_taken":1850,"minecraft:walk_one_cm":395561,"minecraft:trigger_trapped_chest":1,"minecraft:drop":41,"minecraft:damage_dealt":4490,"minecraft:swim_one_cm":4565,"minecraft:fly_one_cm":160353,"minecraft:open_chest":18,"minecraft:crouch_one_cm":123,"minecraft:play_time":126006,"tombstone:undead_killed":13,"minecraft:deaths":3,"minecraft:sneak_time":170,"minecraft:walk_under_water_one_cm":3684,"minecraft:boat_one_cm":31410,"minecraft:jump":1526,"minecraft:walk_on_water_one_cm":17589,"minecraft:total_world_time":126006,"minecraft:fall_one_cm":21396},"minecraft:mined":{"minecraft:spruce_planks":1,"iceandfire:silver_ore":4,"luminousworld:grassvariant_4":1,"minecraft:jungle_leaves":3,"gamma_beasts:abedul_hoja_1":2,"minecraft:crafting_table":4,"minecraft:grass_block":2,"minecraft:spruce_fence":1,"minecraft:jungle_log":10,"minecraft:cobblestone":2,"minecraft:oak_planks":14,"minecraft:wall_torch":1,"gamma_beasts:abedul_hojas":6,"minecraft:furnace":2,"luminousworld:yellow_grassflowers":1,"minecraft:birch_log":6,"minecraft:birch_leaves":2,"minecraft:pumpkin":13,"minecraft:cocoa":2,"gamma_beasts:thin_oak_log":2,"minecraft:grass":4,"minecraft:oak_log":16,"minecraft:coal_ore":106,"minecraft:vine":5,"minecraft:stripped_jungle_log":1,"minecraft:stone":207,"minecraft:oak_leaves":22,"luminousworld:white_petunias":1},"minecraft:picked_up":{"minecraft:cocoa_beans":6,"minecraft:birch_log":6,"born_in_chaos_v1:corpse_maggot":6,"gamma_beasts:thin_oak_log":2,"gamma_beasts:pear":18,"minecraft:crafting_table":4,"minecraft:wheat":1,"naturalist:venison":1,"minecraft:chainmail_boots":2,"minecraft:jungle_log":10,"minecraft:turtle_helmet":2,"minecraft:stone_brick_wall":1,"gamma_beasts:birch_leaf":2,"minecraft:stone_brick_stairs":2,"minecraft:oak_log":20,"minecraft:gunpowder":2,"minecraft:cobblestone_wall":5,"minecraft:dirt":2,"evilcraft:poison_sac":1,"minecraft:item_frame":3,"minecraft:bone":4,"minecraft:stone_bricks":21,"mysticalagriculture:inferium_essence":5,"minecraft:spruce_planks":7,"minecraft:beef":1,"minecraft:jungle_sapling":1,"luminousworld:white_petunias":1,"minecraft:mangrove_log":2,"minecraft:birch_sapling":2,"minecraft:oak_planks":14,"minecraft:furnace":2,"minecraft:egg":1,"minecraft:book":12,"minecraft:stick":12,"apotheosis:gem":3,"minecraft:pumpkin":13,"minecraft:torch":2,"minecraft:spruce_fence":2,"tombstone:grave_dust":5,"minecraft:spruce_log":2,"minecraft:arrow":1,"minecraft:bundle":1,"minecraft:stripped_jungle_log":1,"minecraft:rotten_flesh":16,"luminousworld:yellow_grassflowers":1,"jeg:ectoplasm":1,"gamma_beasts:coal_nugget":36,"minecraft:oak_sapling":6,"minecraft:mutton":12,"minecraft:iron_bars":1,"minecraft:coal":138,"minecraft:white_wool":8,"iceandfire:raw_silver":4,"minecraft:cobblestone":208},"minecraft:killed":{"jeg:ghoul":1,"born_in_chaos_v1:zombie_lumberjack":1,"undead_revamp2:the_moonflower":1,"luminousworld:swallowtail":1,"born_in_chaos_v1:decrepit_skeleton":2,"minecraft:sheep":8,"minecraft:skeleton":1,"naturalist:deer":1,"minecraft:zombie":7,"born_in_chaos_v1:corpse_fly":2,"realmrpg_demons:chort":1,"minecraft:cow":1},"minecraft:broken":{"minecraft:stone_pickaxe":2,"minecraft:wooden_pickaxe":1}},"DataVersion":3465}