{"stats":{"minecraft:custom":{"minecraft:interact_with_furnace":7,"minecraft:mob_kills":14,"minecraft:interact_with_crafting_table":4,"minecraft:damage_dealt_resisted":0,"minecraft:leave_game":1,"minecraft:time_since_death":30900,"minecraft:climb_one_cm":328,"minecraft:time_since_rest":30652,"minecraft:sprint_one_cm":68769,"minecraft:damage_taken":590,"minecraft:walk_one_cm":158958,"minecraft:drop":3,"minecraft:damage_dealt":1882,"minecraft:swim_one_cm":3877,"minecraft:fly_one_cm":137706,"minecraft:open_chest":5,"minecraft:crouch_one_cm":43,"minecraft:play_time":81846,"tombstone:undead_killed":4,"minecraft:deaths":1,"minecraft:sneak_time":342,"minecraft:walk_under_water_one_cm":16463,"minecraft:jump":978,"minecraft:walk_on_water_one_cm":14881,"minecraft:total_world_time":81846,"minecraft:fall_one_cm":17156},"minecraft:picked_up":{"minecraft:birch_log":1,"minecraft:crafting_table":1,"minecraft:azure_bluet":1,"minecraft:feather":2,"minecraft:chicken":4,"minecraft:leather":2,"minecraft:oak_log":24,"minecraft:dirt":26,"minecraft:raw_copper":1,"minecraft:bone":1,"minecraft:apple":6,"minecraft:wheat_seeds":3,"mysticalagriculture:inferium_essence":4,"minecraft:beef":5,"twigs:twig":3,"minecraft:birch_sapling":4,"minecraft:oak_planks":8,"minecraft:egg":2,"minecraft:furnace":2,"apotheosis:gem":1,"minecraft:torch":2,"minecraft:arrow":2,"minecraft:tube_coral":1,"minecraft:rotten_flesh":1,"minecraft:red_tulip":2,"minecraft:oak_sapling":5,"minecraft:cod":1,"minecraft:mutton":4,"minecraft:coal":14,"minecraft:white_wool":3,"minecraft:cobblestone":93},"minecraft:mined":{"minecraft:sculk_vein":12,"minecraft:crafting_table":1,"minecraft:torch":2,"minecraft:grass_block":6,"luminousworld:grassvariant_2":2,"minecraft:tall_grass":3,"minecraft:sculk":21,"minecraft:furnace":2,"minecraft:birch_leaves":2,"minecraft:grass":5,"minecraft:oak_log":24,"minecraft:coal_ore":14,"minecraft:dirt":20,"minecraft:stone":94,"minecraft:oak_leaves":6},"minecraft:used":{"minecraft:stone_pickaxe":51,"minecraft:wooden_pickaxe":59,"minecraft:cooked_chicken":4,"minecraft:torch":6,"minecraft:dirt":3,"minecraft:crafting_table":2,"minecraft:cod":1,"minecraft:azure_bluet":1,"minecraft:red_tulip":2,"minecraft:birch_sapling":4,"minecraft:golden_sword":24,"minecraft:stone_axe":20,"minecraft:wooden_sword":47,"minecraft:oak_sapling":2,"minecraft:furnace":3,"ars_nouveau:sourceberry_bush":3,"minecraft:birch_log":1,"minecraft:egg":2,"minecraft:cooked_beef":2},"minecraft:broken":{"minecraft:wooden_pickaxe":1},"minecraft:crafted":{"minecraft:cooked_beef":5,"minecraft:wooden_sword":1,"minecraft:oak_planks":24,"minecraft:crafting_table":1,"minecraft:wooden_pickaxe":1,"minecraft:cooked_chicken":4,"minecraft:furnace":1,"minecraft:stone_axe":1,"minecraft:cooked_mutton":4,"minecraft:air":0,"minecraft:stick":8,"minecraft:stone_pickaxe":1,"minecraft:torch":4},"minecraft:killed_by":{"minecraft:player":1},"minecraft:dropped":{"minecraft:wheat_seeds":1,"minecraft:wooden_sword":1,"minecraft:bone":1},"minecraft:killed":{"born_in_chaos_v1:barrel_zombie":1,"born_in_chaos_v1:decrepit_skeleton":1,"minecraft:sheep":3,"minecraft:skeleton":1,"minecraft:zombie":1,"minecraft:chicken":4,"minecraft:cow":3}},"DataVersion":3465}