{"stats":{"minecraft:broken":{"minecraft:wooden_pickaxe":1},"minecraft:crafted":{"minecraft:oak_planks":12,"minecraft:crafting_table":1,"minecraft:stick":8,"minecraft:wooden_pickaxe":1,"minecraft:stone_pickaxe":1,"minecraft:stone_sword":1,"minecraft:furnace":1,"minecraft:torch":4,"minecraft:birch_planks":20,"minecraft:stone_axe":1,"minecraft:air":0,"minecraft:cooked_mutton":7},"minecraft:used":{"minecraft:oak_log":4,"minecraft:cooked_mutton":1,"minecraft:stone_sword":20,"minecraft:stone_pickaxe":104,"minecraft:wooden_pickaxe":59,"minecraft:stone_axe":15,"minecraft:torch":2,"minecraft:cobblestone":21,"minecraft:crafting_table":1,"minecraft:furnace":1,"minecraft:birch_log":1,"alexsmobs:animal_dictionary":1},"minecraft:picked_up":{"minecraft:birch_log":6,"minecraft:stick":2,"minecraft:crafting_table":1,"minecraft:wheat":1,"minecraft:pumpkin":13,"minecraft:oak_log":7,"minecraft:gunpowder":2,"minecraft:bone":2,"minecraft:rotten_flesh":3,"gamma_beasts:coal_nugget":1,"minecraft:oak_sapling":2,"minecraft:mutton":7,"minecraft:coal":3,"minecraft:white_wool":4,"minecraft:cobblestone":160,"minecraft:egg":1},"minecraft:mined":{"minecraft:birch_log":6,"minecraft:birch_leaves":2,"minecraft:pumpkin":13,"minecraft:crafting_table":1,"minecraft:grass":2,"minecraft:coal_ore":2,"minecraft:oak_log":4,"minecraft:stone":161,"minecraft:oak_leaves":7},"minecraft:custom":{"minecraft:time_since_rest":22336,"minecraft:interact_with_furnace":5,"minecraft:sprint_one_cm":19729,"minecraft:damage_taken":305,"minecraft:walk_one_cm":91936,"minecraft:mob_kills":8,"minecraft:drop":1,"minecraft:damage_dealt":924,"minecraft:interact_with_crafting_table":3,"minecraft:swim_one_cm":1319,"minecraft:fly_one_cm":19685,"minecraft:play_time":47061,"tombstone:undead_killed":1,"minecraft:deaths":1,"minecraft:sneak_time":7,"minecraft:walk_under_water_one_cm":428,"minecraft:jump":268,"minecraft:time_since_death":22697,"minecraft:leave_game":5,"minecraft:walk_on_water_one_cm":2575,"minecraft:total_world_time":47061,"minecraft:fall_one_cm":5798},"minecraft:dropped":{"gamma_beasts:coal_nugget":1},"minecraft:killed":{"minecraft:sheep":4,"realmrpg_demons:chort":1,"luminousworld:swallowtail":1,"born_in_chaos_v1:decrepit_skeleton":1}},"DataVersion":3465}