{"stats":{"minecraft:custom":{"minecraft:time_since_rest":33846,"minecraft:sprint_one_cm":13974,"minecraft:walk_one_cm":38592,"minecraft:mob_kills":2,"minecraft:drop":1,"minecraft:damage_dealt":340,"minecraft:interact_with_crafting_table":4,"minecraft:fly_one_cm":24291,"minecraft:crouch_one_cm":1,"minecraft:play_time":33846,"tombstone:undead_killed":1,"minecraft:sneak_time":34,"minecraft:walk_under_water_one_cm":597,"minecraft:jump":186,"minecraft:damage_dealt_resisted":0,"minecraft:leave_game":1,"minecraft:walk_on_water_one_cm":1083,"minecraft:time_since_death":33846,"minecraft:total_world_time":33846,"minecraft:fall_one_cm":3348},"minecraft:picked_up":{"minecraft:chicken":1,"minecraft:oak_log":24,"minecraft:dirt":26,"minecraft:raw_copper":1,"minecraft:tube_coral":1,"minecraft:rotten_flesh":1,"mysticalagriculture:inferium_essence":1,"minecraft:wheat_seeds":3,"minecraft:oak_sapling":1,"minecraft:cod":1,"minecraft:cobblestone":59,"minecraft:egg":1},"minecraft:mined":{"minecraft:birch_leaves":2,"minecraft:grass":1,"minecraft:grass_block":6,"minecraft:oak_log":24,"minecraft:dirt":20,"minecraft:stone":59,"minecraft:oak_leaves":3},"minecraft:used":{"minecraft:wooden_pickaxe":59,"minecraft:stone_axe":19,"minecraft:wooden_sword":16,"minecraft:dirt":3,"minecraft:crafting_table":1,"minecraft:oak_sapling":1,"minecraft:egg":1},"minecraft:broken":{"minecraft:wooden_pickaxe":1},"minecraft:crafted":{"minecraft:wooden_sword":1,"minecraft:oak_planks":24,"minecraft:crafting_table":1,"minecraft:stick":8,"minecraft:wooden_pickaxe":1,"minecraft:stone_pickaxe":1,"minecraft:furnace":1,"minecraft:stone_axe":1},"minecraft:dropped":{"minecraft:wheat_seeds":1},"minecraft:killed":{"born_in_chaos_v1:barrel_zombie":1,"minecraft:chicken":1}},"DataVersion":3465}