{"stats":{"minecraft:custom":{"minecraft:jump":85,"minecraft:time_since_rest":21846,"minecraft:crouch_one_cm":1,"minecraft:leave_game":1,"minecraft:play_time":21846,"minecraft:sprint_one_cm":7390,"minecraft:walk_on_water_one_cm":520,"minecraft:time_since_death":21846,"minecraft:walk_one_cm":11061,"minecraft:sneak_time":23,"minecraft:total_world_time":21846,"minecraft:fall_one_cm":2092,"minecraft:fly_one_cm":13087},"minecraft:picked_up":{"minecraft:oak_log":6,"minecraft:oak_sapling":1,"minecraft:dirt":2},"minecraft:used":{"minecraft:dirt":2,"minecraft:oak_sapling":1},"minecraft:mined":{"minecraft:oak_log":6,"minecraft:grass_block":2,"minecraft:oak_leaves":2}},"DataVersion":3465}