{"stats":{"minecraft:custom":{"minecraft:mob_kills":54,"minecraft:interact_with_crafting_table":18,"minecraft:open_barrel":20,"minecraft:damage_dealt_resisted":83,"minecraft:leave_game":1,"minecraft:time_since_death":11122,"minecraft:climb_one_cm":12277,"minecraft:damage_resisted":0,"minecraft:sprint_one_cm":197883,"minecraft:walk_one_cm":642888,"minecraft:damage_blocked_by_shield":80,"minecraft:drop":15,"minecraft:damage_dealt_absorbed":80,"minecraft:play_time":201846,"minecraft:deaths":8,"minecraft:sneak_time":1912,"minecraft:walk_under_water_one_cm":24590,"minecraft:jump":2283,"minecraft:walk_on_water_one_cm":47727,"minecraft:total_world_time":201846,"minecraft:interact_with_furnace":17,"tombstone:raider_killed":10,"minecraft:sleep_in_bed":4,"minecraft:time_since_rest":9343,"minecraft:damage_taken":5462,"minecraft:damage_dealt":10797,"minecraft:swim_one_cm":8176,"minecraft:fly_one_cm":276363,"minecraft:player_kills":1,"minecraft:open_chest":32,"minecraft:crouch_one_cm":440,"tombstone:undead_killed":22,"minecraft:fall_one_cm":46763},"minecraft:picked_up":{"luminousworld:groundpebbles_1":11,"minecraft:wheat":20,"minecraft:crafting_table":2,"minecraft:azure_bluet":1,"minecraft:ladder":4,"minecraft:chicken":4,"minecraft:leather_leggings":1,"cannibal:bone_mask":1,"minecraft:string":5,"diamethysts:diamethyst_shard":1,"minecraft:raw_copper":65,"minecraft:iron_leggings":1,"minecraft:oak_sign":2,"mysticalagriculture:inferium_essence":73,"minecraft:spruce_planks":1,"twigs:pebble":1,"minecraft:beef":5,"minecraft:melon_slice":52,"minecraft:birch_sapling":4,"minecraft:furnace":2,"minecraft:egg":2,"minecraft:raw_iron":13,"minecraft:stick":4,"apotheosis:gem":3,"minecraft:copper_ingot":2,"minecraft:torch":7,"minecraft:spruce_stairs":9,"minecraft:spruce_fence":2,"luminousworld:savannah_soil":11,"tombstone:grave_dust":2,"minecraft:stone_pressure_plate":4,"minecraft:tube_coral":1,"minecraft:arrow":4,"minecraft:rotten_flesh":23,"minecraft:hay_block":5,"minecraft:red_tulip":2,"minecraft:carved_pumpkin":1,"supplementaries:ash":5,"minecraft:iron_bars":4,"minecraft:mutton":6,"minecraft:cod":1,"undead_revamp2:arapholia":1,"minecraft:white_wool":4,"minecraft:cobblestone":139,"born_in_chaos_v1:fused_bone":1,"minecraft:birch_log":1,"born_in_chaos_v1:corpse_maggot":2,"luminousworld:savannah_ground":22,"minecraft:feather":3,"minecraft:iron_door":3,"minecraft:jungle_log":3,"minecraft:leather":2,"paraglider:spirit_orb":4,"minecraft:oak_log":56,"minecraft:dirt":102,"minecraft:chipped_anvil":1,"minecraft:bone":5,"minecraft:apple":15,"minecraft:stone_bricks":2,"minecraft:wheat_seeds":69,"minecraft:tall_grass":31,"twigs:twig":5,"minecraft:oak_planks":17,"productivebees:sugar_cane_nest":1,"luminousworld:creepberries":3,"born_in_chaos_v1:ethereal_spirit":3,"minecraft:dandelion":1,"naturalist:duck_egg":1,"minecraft:spider_eye":1,"minecraft:mossy_cobblestone":2,"croptopia:orange":4,"minecraft:crossbow":1,"minecraft:spruce_sign":1,"minecraft:bread":1,"minecraft:oak_sapling":7,"minecraft:coal":85,"iceandfire:raw_silver":6},"minecraft:used":{"minecraft:stone_shovel":41,"minecraft:ladder":2,"minecraft:spruce_planks":1,"minecraft:iron_sword":44,"minecraft:cooked_chicken":4,"luminousworld:savannah_ground":8,"minecraft:stick":2,"minecraft:oak_door":2,"minecraft:torch":40,"minecraft:dirt":34,"minecraft:spruce_stairs":1,"minecraft:carrot":14,"minecraft:spruce_fence":2,"minecraft:azure_bluet":1,"shieldexp:wooden_shield":3,"minecraft:chipped_anvil":1,"minecraft:red_tulip":2,"minecraft:iron_axe":14,"minecraft:birch_sapling":4,"minecraft:golden_sword":40,"minecraft:furnace":4,"minecraft:oak_sapling":3,"ars_nouveau:sourceberry_bush":3,"tombstone:gift":4,"handcrafted:wolf_trophy":1,"minecraft:egg":2,"minecraft:cooked_beef":5,"minecraft:cooked_mutton":4,"minecraft:stone_pickaxe":242,"minecraft:baked_potato":9,"minecraft:oak_planks":111,"minecraft:wooden_pickaxe":59,"naturalist:duck_egg":1,"minecraft:mossy_cobblestone":2,"minecraft:crafting_table":4,"warhammersmod:hammer_stone":133,"minecraft:cod":1,"croptopia:orange":4,"luminousworld:creepberries":3,"minecraft:oak_log":1,"minecraft:apple":15,"minecraft:bread":9,"minecraft:iron_door":2,"minecraft:stone_axe":102,"minecraft:wooden_sword":47,"minecraft:cobblestone":25,"minecraft:birch_log":1,"minecraft:dandelion":1},"minecraft:mined":{"luminousworld:groundpebbles_1":2,"minecraft:stone_pressure_plate":4,"minecraft:spruce_planks":1,"iceandfire:silver_ore":6,"minecraft:mossy_cobblestone":2,"minecraft:sculk_vein":56,"minecraft:ladder":4,"minecraft:grass_block":32,"minecraft:spruce_fence":3,"luminousworld:grassvariant_2":3,"minecraft:oak_wall_sign":2,"luminousworld:groundpebbles_3":2,"mysticalagriculture:inferium_ore":19,"minecraft:spawner":2,"minecraft:hay_block":4,"minecraft:furnace":2,"minecraft:iron_ore":11,"minecraft:deepslate_iron_ore":4,"supplementaries:stick":1,"minecraft:vine":1,"minecraft:iron_bars":3,"minecraft:stone":126,"luminousworld:creepbush":2,"luminousworld:savannah_soil":11,"twigs:pebble":1,"minecraft:dandelion":1,"minecraft:crafting_table":2,"minecraft:torch":7,"minecraft:melon":11,"minecraft:copper_ore":19,"minecraft:tall_grass":11,"minecraft:cobblestone":5,"minecraft:oak_planks":11,"minecraft:sculk":61,"minecraft:iron_door":2,"minecraft:wall_torch":1,"supplementaries:urn":1,"minecraft:spruce_stairs":13,"minecraft:birch_leaves":3,"minecraft:grass":10,"minecraft:coal_ore":85,"minecraft:oak_log":51,"minecraft:dirt":25,"luminousworld:grassvariant_3":2,"minecraft:cobweb":3,"minecraft:chipped_anvil":1,"minecraft:oak_leaves":7,"luminousworld:savannah_ground":22},"minecraft:broken":{"minecraft:golden_helmet":1,"warhammersmod:hammer_stone":2,"minecraft:stone_pickaxe":1,"minecraft:wooden_pickaxe":1,"minecraft:golden_sword":1,"minecraft:stone_axe":1},"minecraft:crafted":{"minecraft:wooden_sword":1,"minecraft:oak_door":3,"minecraft:oak_planks":220,"minecraft:stone_shovel":1,"warhammersmod:hammer_stone":2,"minecraft:cooked_chicken":4,"minecraft:furnace":2,"minecraft:cooked_mutton":4,"minecraft:iron_axe":1,"minecraft:stone_pickaxe":2,"minecraft:cooked_beef":5,"minecraft:crafting_table":2,"minecraft:wooden_pickaxe":1,"minecraft:baked_potato":14,"minecraft:iron_sword":1,"minecraft:stone_axe":1,"minecraft:bread":8,"minecraft:air":0,"minecraft:stick":32,"minecraft:iron_pickaxe":1,"minecraft:iron_ingot":3,"shieldexp:wooden_shield":1,"minecraft:stone_sword":1,"minecraft:torch":12,"handcrafted:wolf_trophy":1},"minecraft:killed_by":{"minecraft:player":1,"born_in_chaos_v1:nightmare_stalker":1,"minecraft:zombie":1,"undead_revamp2:thesmoker":2,"minecraft:vex":2},"minecraft:killed":{"born_in_chaos_v1:restless_spirit":1,"born_in_chaos_v1:pumpkin_spirit":1,"minecraft:spider":1,"undead_revamp2:thesmoker":1,"born_in_chaos_v1:siamese_skeletonsright":1,"born_in_chaos_v1:maggot":2,"minecraft:skeleton":4,"minecraft:chicken":4,"undead_revamp2:therod":1,"born_in_chaos_v1:barrel_zombie":1,"born_in_chaos_v1:fallen_chaos_knight":1,"minecraft:husk":1,"undead_revamp2:the_moonflower":3,"born_in_chaos_v1:decrepit_skeleton":2,"minecraft:sheep":4,"minecraft:pillager":10,"undead_revamp2:thesomnolence":2,"minecraft:zombie":7,"born_in_chaos_v1:corpse_fly":1,"minecraft:cow":3},"minecraft:dropped":{"minecraft:spruce_sign":1,"minecraft:wheat_seeds":1,"minecraft:spruce_stairs":1,"minecraft:wooden_sword":1,"minecraft:bone":1,"minecraft:tall_grass":4,"minecraft:rotten_flesh":4,"minecraft:oak_sign":2}},"DataVersion":3465}