{"stats":{"minecraft:custom":{"minecraft:time_since_rest":45846,"minecraft:interact_with_furnace":2,"minecraft:sprint_one_cm":20306,"minecraft:damage_taken":60,"minecraft:walk_one_cm":57315,"minecraft:mob_kills":5,"minecraft:drop":1,"minecraft:damage_dealt":460,"minecraft:swim_one_cm":2796,"minecraft:interact_with_crafting_table":4,"minecraft:fly_one_cm":36077,"minecraft:crouch_one_cm":11,"minecraft:play_time":45846,"tombstone:undead_killed":1,"minecraft:sneak_time":132,"minecraft:walk_under_water_one_cm":7103,"minecraft:jump":290,"minecraft:damage_dealt_resisted":0,"minecraft:leave_game":1,"minecraft:walk_on_water_one_cm":3173,"minecraft:time_since_death":45846,"minecraft:total_world_time":45846,"minecraft:fall_one_cm":4602},"minecraft:picked_up":{"minecraft:feather":2,"minecraft:chicken":4,"minecraft:oak_log":24,"minecraft:dirt":26,"minecraft:raw_copper":1,"minecraft:tube_coral":1,"minecraft:rotten_flesh":1,"mysticalagriculture:inferium_essence":2,"minecraft:wheat_seeds":3,"minecraft:oak_sapling":1,"minecraft:coal":4,"minecraft:cod":1,"minecraft:cobblestone":59,"minecraft:egg":1},"minecraft:mined":{"minecraft:birch_leaves":2,"minecraft:grass":3,"minecraft:coal_ore":4,"minecraft:grass_block":6,"minecraft:oak_log":24,"minecraft:dirt":20,"minecraft:stone":59,"minecraft:oak_leaves":4},"minecraft:used":{"minecraft:stone_pickaxe":4,"minecraft:wooden_pickaxe":59,"minecraft:cooked_chicken":2,"minecraft:torch":2,"minecraft:stone_axe":19,"minecraft:wooden_sword":21,"minecraft:dirt":3,"minecraft:crafting_table":1,"minecraft:furnace":1,"minecraft:oak_sapling":1,"minecraft:cod":1,"minecraft:egg":1},"minecraft:broken":{"minecraft:wooden_pickaxe":1},"minecraft:crafted":{"minecraft:wooden_sword":1,"minecraft:oak_planks":24,"minecraft:crafting_table":1,"minecraft:stick":8,"minecraft:wooden_pickaxe":1,"minecraft:cooked_chicken":4,"minecraft:stone_pickaxe":1,"minecraft:furnace":1,"minecraft:torch":4,"minecraft:stone_axe":1,"minecraft:air":0},"minecraft:dropped":{"minecraft:wheat_seeds":1},"minecraft:killed":{"born_in_chaos_v1:barrel_zombie":1,"minecraft:chicken":4}},"DataVersion":3465}