{"stats":{"minecraft:custom":{"minecraft:interact_with_furnace":12,"minecraft:mob_kills":30,"tombstone:raider_killed":10,"minecraft:open_barrel":2,"minecraft:interact_with_crafting_table":7,"minecraft:damage_dealt_resisted":1,"minecraft:leave_game":1,"minecraft:time_since_death":16471,"minecraft:sleep_in_bed":2,"minecraft:climb_one_cm":5635,"minecraft:damage_resisted":0,"minecraft:time_since_rest":0,"minecraft:sprint_one_cm":113784,"minecraft:damage_taken":2383,"minecraft:walk_one_cm":361273,"minecraft:drop":6,"minecraft:damage_dealt":5035,"minecraft:damage_dealt_absorbed":80,"minecraft:swim_one_cm":3877,"minecraft:fly_one_cm":184498,"minecraft:player_kills":1,"minecraft:open_chest":21,"minecraft:crouch_one_cm":335,"minecraft:play_time":129846,"tombstone:undead_killed":5,"minecraft:deaths":4,"minecraft:sneak_time":681,"minecraft:walk_under_water_one_cm":16463,"minecraft:jump":1398,"minecraft:walk_on_water_one_cm":14881,"minecraft:total_world_time":129846,"minecraft:fall_one_cm":27843},"minecraft:picked_up":{"minecraft:birch_log":1,"luminousworld:savannah_ground":22,"luminousworld:groundpebbles_1":11,"minecraft:crafting_table":1,"minecraft:azure_bluet":1,"minecraft:feather":2,"minecraft:chicken":4,"minecraft:leather":2,"minecraft:oak_log":51,"minecraft:string":2,"minecraft:dirt":55,"diamethysts:diamethyst_shard":1,"minecraft:raw_copper":1,"minecraft:bone":1,"minecraft:apple":13,"minecraft:wheat_seeds":7,"mysticalagriculture:inferium_essence":7,"twigs:pebble":1,"minecraft:spruce_planks":1,"minecraft:beef":5,"twigs:twig":4,"minecraft:birch_sapling":4,"minecraft:oak_planks":17,"minecraft:egg":2,"minecraft:furnace":2,"apotheosis:gem":2,"minecraft:torch":6,"minecraft:dandelion":1,"minecraft:spruce_stairs":9,"minecraft:spruce_fence":2,"luminousworld:savannah_soil":11,"minecraft:spider_eye":1,"minecraft:arrow":2,"minecraft:tube_coral":1,"minecraft:rotten_flesh":6,"croptopia:orange":4,"minecraft:crossbow":1,"minecraft:red_tulip":2,"undead_revamp2:arapholia":1,"minecraft:oak_sapling":6,"minecraft:cod":1,"minecraft:mutton":4,"minecraft:coal":14,"minecraft:white_wool":3,"minecraft:cobblestone":93,"born_in_chaos_v1:fused_bone":1},"minecraft:used":{"minecraft:cooked_mutton":4,"minecraft:stone_shovel":41,"minecraft:baked_potato":8,"minecraft:stone_pickaxe":51,"minecraft:oak_planks":110,"minecraft:spruce_planks":1,"minecraft:wooden_pickaxe":59,"luminousworld:savannah_ground":8,"minecraft:cooked_chicken":4,"minecraft:torch":14,"minecraft:dirt":32,"minecraft:crafting_table":2,"minecraft:spruce_stairs":1,"minecraft:spruce_fence":2,"warhammersmod:hammer_stone":44,"minecraft:cod":1,"minecraft:azure_bluet":1,"minecraft:oak_log":1,"minecraft:red_tulip":2,"minecraft:birch_sapling":4,"minecraft:golden_sword":40,"minecraft:stone_axe":77,"minecraft:wooden_sword":47,"minecraft:oak_sapling":2,"minecraft:furnace":3,"ars_nouveau:sourceberry_bush":3,"minecraft:birch_log":1,"tombstone:gift":3,"minecraft:dandelion":1,"minecraft:egg":2,"minecraft:cooked_beef":5},"minecraft:mined":{"luminousworld:savannah_soil":11,"twigs:pebble":1,"minecraft:spruce_planks":1,"minecraft:sculk_vein":56,"minecraft:dandelion":1,"minecraft:crafting_table":1,"minecraft:torch":5,"minecraft:spruce_fence":3,"minecraft:grass_block":31,"luminousworld:grassvariant_2":3,"minecraft:tall_grass":7,"minecraft:wall_torch":1,"minecraft:oak_planks":11,"minecraft:sculk":61,"luminousworld:groundpebbles_3":2,"minecraft:spruce_stairs":13,"minecraft:furnace":2,"minecraft:birch_leaves":2,"minecraft:grass":8,"minecraft:oak_log":51,"minecraft:coal_ore":14,"minecraft:dirt":24,"luminousworld:grassvariant_3":1,"minecraft:stone":94,"luminousworld:groundpebbles_1":2,"luminousworld:savannah_ground":22,"minecraft:oak_leaves":7},"minecraft:broken":{"minecraft:golden_sword":1,"minecraft:wooden_pickaxe":1},"minecraft:crafted":{"minecraft:cooked_beef":5,"minecraft:wooden_sword":1,"minecraft:oak_planks":148,"minecraft:stone_shovel":1,"minecraft:crafting_table":1,"warhammersmod:hammer_stone":1,"minecraft:baked_potato":9,"minecraft:wooden_pickaxe":1,"minecraft:cooked_chicken":4,"minecraft:furnace":1,"minecraft:stone_axe":1,"minecraft:cooked_mutton":4,"minecraft:air":0,"minecraft:stick":16,"minecraft:stone_pickaxe":1,"minecraft:torch":4},"minecraft:killed_by":{"minecraft:player":1,"born_in_chaos_v1:nightmare_stalker":1,"undead_revamp2:thesmoker":2},"minecraft:dropped":{"minecraft:wheat_seeds":1,"minecraft:rotten_flesh":2,"minecraft:spruce_stairs":1,"minecraft:wooden_sword":1,"minecraft:bone":1},"minecraft:killed":{"born_in_chaos_v1:barrel_zombie":1,"minecraft:spider":1,"born_in_chaos_v1:siamese_skeletonsright":1,"born_in_chaos_v1:decrepit_skeleton":1,"minecraft:sheep":3,"minecraft:skeleton":1,"minecraft:pillager":10,"undead_revamp2:thesomnolence":2,"minecraft:zombie":1,"minecraft:chicken":4,"minecraft:cow":3}},"DataVersion":3465}