{"stats":{"minecraft:custom":{"minecraft:interact_with_furnace":7,"minecraft:mob_kills":24,"tombstone:raider_killed":8,"minecraft:interact_with_crafting_table":6,"minecraft:damage_dealt_resisted":0,"minecraft:leave_game":1,"minecraft:time_since_death":42900,"minecraft:sleep_in_bed":1,"minecraft:climb_one_cm":794,"minecraft:damage_resisted":0,"minecraft:time_since_rest":3741,"minecraft:sprint_one_cm":82869,"minecraft:damage_taken":1328,"minecraft:walk_one_cm":210167,"minecraft:drop":3,"minecraft:damage_dealt":4265,"minecraft:damage_dealt_absorbed":80,"minecraft:swim_one_cm":3877,"minecraft:fly_one_cm":160246,"minecraft:open_chest":14,"minecraft:crouch_one_cm":43,"minecraft:play_time":93846,"tombstone:undead_killed":4,"minecraft:deaths":1,"minecraft:sneak_time":344,"minecraft:walk_under_water_one_cm":16463,"minecraft:jump":1166,"minecraft:walk_on_water_one_cm":14881,"minecraft:total_world_time":93846,"minecraft:fall_one_cm":19155},"minecraft:picked_up":{"minecraft:birch_log":1,"luminousworld:groundpebbles_1":2,"minecraft:crafting_table":1,"minecraft:azure_bluet":1,"minecraft:feather":2,"minecraft:chicken":4,"minecraft:leather":2,"minecraft:oak_log":24,"minecraft:dirt":26,"diamethysts:diamethyst_shard":1,"minecraft:raw_copper":1,"minecraft:bone":1,"minecraft:apple":6,"minecraft:wheat_seeds":5,"mysticalagriculture:inferium_essence":7,"minecraft:beef":5,"twigs:twig":3,"minecraft:birch_sapling":4,"minecraft:oak_planks":8,"minecraft:egg":2,"minecraft:furnace":2,"apotheosis:gem":2,"minecraft:torch":2,"minecraft:spider_eye":1,"minecraft:arrow":2,"minecraft:tube_coral":1,"minecraft:rotten_flesh":2,"minecraft:crossbow":1,"minecraft:red_tulip":2,"undead_revamp2:arapholia":1,"minecraft:oak_sapling":5,"minecraft:cod":1,"minecraft:mutton":4,"minecraft:coal":14,"minecraft:white_wool":3,"minecraft:cobblestone":93},"minecraft:mined":{"minecraft:sculk_vein":54,"minecraft:crafting_table":1,"minecraft:torch":2,"minecraft:grass_block":6,"luminousworld:grassvariant_2":2,"minecraft:tall_grass":7,"minecraft:sculk":61,"luminousworld:groundpebbles_3":1,"minecraft:furnace":2,"minecraft:birch_leaves":2,"minecraft:grass":5,"minecraft:oak_log":24,"minecraft:coal_ore":14,"minecraft:dirt":20,"minecraft:stone":94,"minecraft:oak_leaves":6},"minecraft:used":{"minecraft:cooked_mutton":4,"minecraft:stone_pickaxe":51,"minecraft:wooden_pickaxe":59,"minecraft:cooked_chicken":4,"minecraft:torch":9,"minecraft:dirt":3,"minecraft:crafting_table":2,"warhammersmod:hammer_stone":27,"minecraft:cod":1,"minecraft:azure_bluet":1,"minecraft:red_tulip":2,"minecraft:birch_sapling":4,"minecraft:golden_sword":40,"minecraft:stone_axe":29,"minecraft:wooden_sword":47,"minecraft:oak_sapling":2,"minecraft:furnace":3,"ars_nouveau:sourceberry_bush":3,"minecraft:birch_log":1,"minecraft:egg":2,"minecraft:cooked_beef":5},"minecraft:broken":{"minecraft:golden_sword":1,"minecraft:wooden_pickaxe":1},"minecraft:crafted":{"minecraft:cooked_beef":5,"minecraft:wooden_sword":1,"minecraft:oak_planks":44,"minecraft:crafting_table":1,"warhammersmod:hammer_stone":1,"minecraft:wooden_pickaxe":1,"minecraft:cooked_chicken":4,"minecraft:furnace":1,"minecraft:stone_axe":1,"minecraft:cooked_mutton":4,"minecraft:air":0,"minecraft:stick":12,"minecraft:stone_pickaxe":1,"minecraft:torch":4},"minecraft:killed_by":{"minecraft:player":1},"minecraft:dropped":{"minecraft:wheat_seeds":1,"minecraft:wooden_sword":1,"minecraft:bone":1},"minecraft:killed":{"born_in_chaos_v1:barrel_zombie":1,"minecraft:spider":1,"born_in_chaos_v1:decrepit_skeleton":1,"minecraft:sheep":3,"minecraft:skeleton":1,"minecraft:pillager":8,"minecraft:zombie":1,"minecraft:chicken":4,"minecraft:cow":3}},"DataVersion":3465}