{
  "diamethysts:items/diamethyst_bow_upper_section": {
    "criteria": {
      "has_recipe": "2024-08-25 20:59:56 +0000"
    },
    "done": true
  },
  "diamethysts:items/diamethyst_gold_bow_upper_section": {
    "criteria": {
      "has_recipe": "2024-08-25 20:59:56 +0000"
    },
    "done": true
  },
  "diamethysts:armor/diamethyst_gold_chain_helmet": {
    "criteria": {
      "has_recipe": "2024-08-25 20:59:56 +0000"
    },
    "done": true
  },
  "ironladders:waxed_copper_ladder": {
    "criteria": {
      "has_recipe": "2024-08-25 20:59:56 +0000"
    },
    "done": true
  },
  "diamethysts:armor/diamethyst_iron_chain_boots": {
    "criteria": {
      "has_recipe": "2024-08-25 20:59:56 +0000"
    },
    "done": true
  },
  "ironladders:netherite_upgrade": {
    "criteria": {
      "has_recipe": "2024-08-25 20:59:56 +0000"
    },
    "done": true
  },
  "diamethysts:items/diamethyst_arrow": {
    "criteria": {
      "has_recipe": "2024-08-25 20:59:56 +0000"
    },
    "done": true
  },
  "cyanwarriorswordsredux:recipes/craft_earth_essence": {
    "criteria": {
      "has_item": "2024-08-25 20:59:56 +0000"
    },
    "done": true
  },
  "diamethysts:weapons/diamethyst_iron_battle_axe": {
    "criteria": {
      "has_recipe": "2024-08-25 20:59:56 +0000"
    },
    "done": true
  },
  "diamethysts:armor/diamethyst_diamond_helmet": {
    "criteria": {
      "has_recipe": "2024-08-25 20:59:56 +0000"
    },
    "done": true
  },
  "diamethysts:weapons/diamethyst_emerald_battle_axe": {
    "criteria": {
      "has_recipe": "2024-08-25 20:59:56 +0000"
    },
    "done": true
  },
  "takesapillage:root": {
    "criteria": {
      "always": "2024-08-25 20:59:56 +0000"
    },
    "done": true
  },
  "minecraft:story/obtain_armor": {
    "criteria": {
      "iron_boots": "2024-08-25 22:16:46 +0000"
    },
    "done": true
  },
  "diamethysts:tools/diamethyst_lapis_hoe": {
    "criteria": {
      "has_recipe": "2024-08-25 20:59:56 +0000"
    },
    "done": true
  },
  "diamethysts:weapons/diamethyst_gold_sword": {
    "criteria": {
      "has_recipe": "2024-08-25 20:59:56 +0000"
    },
    "done": true
  },
  "undead_revamp2:daddy": {
    "criteria": {
      "daddy": "2024-08-25 22:15:56 +0000"
    },
    "done": true
  },
  "ironladders:iron_upgrade": {
    "criteria": {
      "has_recipe": "2024-08-25 20:59:56 +0000"
    },
    "done": true
  },
  "diamethysts:tools/diamethyst_emerald_axe": {
    "criteria": {
      "has_recipe": "2024-08-25 20:59:56 +0000"
    },
    "done": true
  },
  "mca:recipes/misc/family_tree": {
    "criteria": {
      "has_item": "2024-08-25 21:09:32 +0000"
    },
    "done": true
  },
  "paraglider:root": {
    "criteria": {
      "crafting_table": "2024-08-25 21:06:14 +0000"
    },
    "done": true
  },
  "diamethysts:blocks/diamethyst_glass": {
    "criteria": {
      "has_recipe": "2024-08-25 20:59:56 +0000"
    },
    "done": true
  },
  "ironladders:glowing_upgrade": {
    "criteria": {
      "has_recipe": "2024-08-25 20:59:56 +0000"
    },
    "done": true
  },
  "diamethysts:weapons/diamethyst_emerald_bow": {
    "criteria": {
      "has_recipe": "2024-08-25 20:59:56 +0000"
    },
    "done": true
  },
  "diamethysts:items/diamethyst_emerald_arrow": {
    "criteria": {
      "has_recipe": "2024-08-25 20:59:56 +0000"
    },
    "done": true
  },
  "diamethysts:story/root": {
    "criteria": {
      "crafting_table": "2024-08-25 21:06:14 +0000"
    },
    "done": true
  },
  "diamethysts:armor/diamethyst_quartz_leggings": {
    "criteria": {
      "has_recipe": "2024-08-25 20:59:56 +0000"
    },
    "done": true
  },
  "luminousworld:crab_rave": {
    "criteria": {
      "crab_rave_0": "2024-08-25 21:51:24 +0000"
    },
    "done": true
  },
  "diamethysts:items/diamethyst_copper_bow_lower_section": {
    "criteria": {
      "has_recipe": "2024-08-25 20:59:56 +0000"
    },
    "done": true
  },
  "minecraft:story/deflect_arrow": {
    "criteria": {
      "deflected_projectile": "2024-08-25 22:57:30 +0000"
    },
    "done": true
  },
  "diamethysts:armor/diamethyst_emerald_leggings": {
    "criteria": {
      "has_recipe": "2024-08-25 20:59:56 +0000"
    },
    "done": true
  },
  "diamethysts:weapons/diamethyst_netherite_sickle": {
    "criteria": {
      "has_recipe": "2024-08-25 20:59:56 +0000"
    },
    "done": true
  },
  "diamethysts:weapons/diamethyst_prismarine_scimitar": {
    "criteria": {
      "has_recipe": "2024-08-25 20:59:56 +0000"
    },
    "done": true
  },
  "diamethysts:armor/diamethyst_gold_chain_boots": {
    "criteria": {
      "has_recipe": "2024-08-25 20:59:56 +0000"
    },
    "done": true
  },
  "minecraft:story/iron_tools": {
    "criteria": {
      "iron_pickaxe": "2024-08-25 22:16:56 +0000"
    },
    "done": true
  },
  "diamethysts:items/diamethyst_diamond_bow_upper_section": {
    "criteria": {
      "has_recipe": "2024-08-25 20:59:56 +0000"
    },
    "done": true
  },
  "diamethysts:armor/diamethyst_gold_chain_leggings": {
    "criteria": {
      "has_recipe": "2024-08-25 20:59:56 +0000"
    },
    "done": true
  },
  "diamethysts:armor/diamethyst_iron_helmet": {
    "criteria": {
      "has_recipe": "2024-08-25 20:59:56 +0000"
    },
    "done": true
  },
  "cyanwarriorswordsredux:recipes/upgrade_sword_fire": {
    "criteria": {
      "has_item": "2024-08-25 20:59:56 +0000"
    },
    "done": true
  },
  "diamethysts:tools/diamethyst_gold_shovel": {
    "criteria": {
      "has_recipe": "2024-08-25 20:59:56 +0000"
    },
    "done": true
  },
  "diamethysts:weapons/diamethyst_prismarine_battle_axe": {
    "criteria": {
      "has_recipe": "2024-08-25 20:59:56 +0000"
    },
    "done": true
  },
  "diamethysts:armor/diamethyst_netherite_chestplate": {
    "criteria": {
      "has_recipe": "2024-08-25 20:59:56 +0000"
    },
    "done": true
  },
  "ironladders:waxed_oxidized_copper_ladder": {
    "criteria": {
      "has_recipe": "2024-08-25 20:59:56 +0000"
    },
    "done": true
  },
  "diamethysts:tools/diamethyst_copper_pickaxe": {
    "criteria": {
      "has_recipe": "2024-08-25 20:59:56 +0000"
    },
    "done": true
  },
  "evilcraft:root": {
    "criteria": {
      "criteria_0": "2024-08-25 21:56:30 +0000"
    },
    "done": true
  },
  "diamethysts:armor/diamethyst_quartz_horse_armor": {
    "criteria": {
      "has_recipe": "2024-08-25 20:59:56 +0000"
    },
    "done": true
  },
  "diamethysts:armor/diamethyst_copper_shield": {
    "criteria": {
      "has_recipe": "2024-08-25 20:59:56 +0000"
    },
    "done": true
  },
  "diamethysts:armor/diamethyst_gold_chestplate": {
    "criteria": {
      "has_recipe": "2024-08-25 20:59:56 +0000"
    },
    "done": true
  },
  "diamethysts:tools/diamethyst_prismarine_pickaxe": {
    "criteria": {
      "has_recipe": "2024-08-25 20:59:56 +0000"
    },
    "done": true
  },
  "cyanwarriorswordsredux:recipes/from_abilitytotem": {
    "criteria": {
      "has_item": "2024-08-25 20:59:56 +0000"
    },
    "done": true
  },
  "undead_revamp2:theundeadchallenges": {
    "criteria": {
      "theundeadchallenges": "2024-08-25 20:59:56 +0000"
    },
    "done": true
  },
  "diamethysts:items/diamethyst_gold_chain": {
    "criteria": {
      "has_recipe": "2024-08-25 20:59:56 +0000"
    },
    "done": true
  },
  "diamethysts:items/diamethyst_lapis_mesh": {
    "criteria": {
      "has_recipe": "2024-08-25 20:59:56 +0000"
    },
    "done": true
  },
  "tombstone:adventure/find_grave_dust": {
    "criteria": {
      "from_undead": "2024-08-25 22:21:16 +0000"
    },
    "done": true
  },
  "ironladders:power_upgrade": {
    "criteria": {
      "has_recipe": "2024-08-25 20:59:56 +0000"
    },
    "done": true
  },
  "tombstone:recipes/from_grave_key": {
    "criteria": {
      "has_ingredient": "2024-08-25 21:19:51 +0000"
    },
    "done": true
  },
  "diamethysts:items/diamethyst_lapis_arrow": {
    "criteria": {
      "has_recipe": "2024-08-25 20:59:56 +0000"
    },
    "done": true
  },
  "ironladders:iron_ladder": {
    "criteria": {
      "has_recipe": "2024-08-25 20:59:56 +0000"
    },
    "done": true
  },
  "minecraft:story/mine_stone": {
    "criteria": {
      "get_stone": "2024-08-25 21:12:14 +0000"
    },
    "done": true
  },
  "diamethysts:armor/diamethyst_netherite_boots": {
    "criteria": {
      "has_recipe": "2024-08-25 20:59:56 +0000"
    },
    "done": true
  },
  "ars_nouveau:root": {
    "criteria": {
      "ars_nouveau:worn_notebook": "2024-08-25 20:59:56 +0000"
    },
    "done": true
  },
  "diamethysts:tools/diamethyst_quartz_hoe": {
    "criteria": {
      "has_recipe": "2024-08-25 20:59:56 +0000"
    },
    "done": true
  },
  "cyanwarriorswordsredux:recipes/craft_wind_essence": {
    "criteria": {
      "has_item": "2024-08-25 20:59:56 +0000"
    },
    "done": true
  },
  "diamethysts:armor/diamethyst_diamond_boots": {
    "criteria": {
      "has_recipe": "2024-08-25 20:59:56 +0000"
    },
    "done": true
  },
  "diamethysts:items/diamethyst_diamond_hilt": {
    "criteria": {
      "has_recipe": "2024-08-25 20:59:56 +0000"
    },
    "done": true
  },
  "diamethysts:weapons/diamethyst_netherite_scimitar": {
    "criteria": {
      "has_recipe": "2024-08-25 20:59:56 +0000"
    },
    "done": true
  },
  "diamethysts:armor/diamethyst_prismarine_helmet": {
    "criteria": {
      "has_recipe": "2024-08-25 20:59:56 +0000"
    },
    "done": true
  },
  "diamethysts:armor/diamethyst_lapis_leggings": {
    "criteria": {
      "has_recipe": "2024-08-25 20:59:56 +0000"
    },
    "done": true
  },
  "mca:recipes/misc/books": {
    "criteria": {
      "has_item": "2024-08-25 22:16:59 +0000"
    },
    "done": true
  },
  "diamethysts:weapons/diamethyst_prismarine_bow": {
    "criteria": {
      "has_recipe": "2024-08-25 20:59:56 +0000"
    },
    "done": true
  },
  "diamethysts:weapons/diamethyst_lapis_bow": {
    "criteria": {
      "has_recipe": "2024-08-25 20:59:56 +0000"
    },
    "done": true
  },
  "diamethysts:items/diamethyst_emerald_mesh": {
    "criteria": {
      "has_recipe": "2024-08-25 20:59:56 +0000"
    },
    "done": true
  },
  "what_gecko:what_the_geck": {
    "criteria": {
      "what_the_geck": "2024-08-25 20:59:56 +0000"
    },
    "done": true
  },
  "quark:crawl_in_hollow_log": {
    "criteria": {
      "crawl_in_hollow_log": "2024-08-25 21:42:37 +0000"
    },
    "done": true
  },
  "diamethysts:blocks/diamethyst_glass_pane": {
    "criteria": {
      "has_recipe": "2024-08-25 20:59:56 +0000"
    },
    "done": true
  },
  "diamethysts:armor/diamethyst_iron_chain_leggings": {
    "criteria": {
      "has_recipe": "2024-08-25 20:59:56 +0000"
    },
    "done": true
  },
  "diamethysts:tools/diamethyst_diamond_axe": {
    "criteria": {
      "has_recipe": "2024-08-25 20:59:56 +0000"
    },
    "done": true
  },
  "diamethysts:items/diamethyst_quartz_bow_lower_section": {
    "criteria": {
      "has_recipe": "2024-08-25 20:59:56 +0000"
    },
    "done": true
  },
  "diamethysts:items/diamethyst_iron_bow_lower_section": {
    "criteria": {
      "has_recipe": "2024-08-25 20:59:56 +0000"
    },
    "done": true
  },
  "diamethysts:armor/diamethyst_iron_chain_chestplate": {
    "criteria": {
      "has_recipe": "2024-08-25 20:59:56 +0000"
    },
    "done": true
  },
  "immersive_aircraft:misc/aircraftery": {
    "criteria": {
      "has_item": "2024-08-25 22:25:32 +0000"
    },
    "done": true
  },
  "undead_revamp2:sugarcoat": {
    "criteria": {
      "sugarcoat": "2024-08-25 22:15:18 +0000"
    },
    "done": true
  },
  "diamethysts:tools/diamethyst_copper_axe": {
    "criteria": {
      "has_recipe": "2024-08-25 20:59:56 +0000"
    },
    "done": true
  },
  "diamethysts:items/copper_chain_links": {
    "criteria": {
      "has_recipe": "2024-08-25 20:59:56 +0000"
    },
    "done": true
  },
  "diamethysts:armor/diamethyst_iron_chain_helmet": {
    "criteria": {
      "has_recipe": "2024-08-25 20:59:56 +0000"
    },
    "done": true
  },
  "mca:recipes/misc/blueprint": {
    "criteria": {
      "has_item": "2024-08-25 22:16:59 +0000"
    },
    "done": true
  },
  "minecraft:story/smelt_iron": {
    "criteria": {
      "iron": "2024-08-25 22:25:32 +0000"
    },
    "done": true
  },
  "diamethysts:items/strung_lapis": {
    "criteria": {
      "has_recipe": "2024-08-25 20:59:56 +0000"
    },
    "done": true
  },
  "born_in_chaos_v1:horror_underthe_mantle": {
    "criteria": {
      "horror_underthe_mantle_0": "2024-08-25 23:19:10 +0000"
    },
    "done": true
  },
  "diamethysts:items/diamethyst_lapis_bow_upper_section": {
    "criteria": {
      "has_recipe": "2024-08-25 20:59:56 +0000"
    },
    "done": true
  },
  "minecraft:story/shiny_gear": {
    "criteria": {
      "diamond_leggings": "2024-08-25 22:48:33 +0000"
    },
    "done": true
  },
  "diamethysts:armor/diamethyst_copper_chestplate": {
    "criteria": {
      "has_recipe": "2024-08-25 20:59:56 +0000"
    },
    "done": true
  },
  "diamethysts:tools/diamethyst_iron_shovel": {
    "criteria": {
      "has_recipe": "2024-08-25 20:59:56 +0000"
    },
    "done": true
  },
  "cyanwarriorswordsredux:recipes/craft_triender_fire": {
    "criteria": {
      "has_item": "2024-08-25 20:59:56 +0000"
    },
    "done": true
  },
  "diamethysts:weapons/diamethyst_quartz_sword": {
    "criteria": {
      "has_recipe": "2024-08-25 20:59:56 +0000"
    },
    "done": true
  },
  "diamethysts:items/diamethyst_quartz_hilt": {
    "criteria": {
      "has_recipe": "2024-08-25 20:59:56 +0000"
    },
    "done": true
  },
  "diamethysts:armor/diamethyst_diamond_horse_armor": {
    "criteria": {
      "has_recipe": "2024-08-25 20:59:56 +0000"
    },
    "done": true
  },
  "vampirism:main/root": {
    "criteria": {
      "main": "2024-08-25 23:10:43 +0000"
    },
    "done": true
  },
  "productivebees:husbandry/bee_cage/overworld_nest": {
    "criteria": {
      "get_item": "2024-08-25 22:32:37 +0000"
    },
    "done": true
  },
  "diamethysts:items/diamethyst_copper_bow_upper_section": {
    "criteria": {
      "has_recipe": "2024-08-25 20:59:56 +0000"
    },
    "done": true
  },
  "diamethysts:weapons/diamethyst_netherite_bow": {
    "criteria": {
      "has_recipe": "2024-08-25 20:59:56 +0000"
    },
    "done": true
  },
  "dimdungeons:dungeons/root": {
    "criteria": {
      "keystone_block": "2024-08-25 20:59:56 +0000"
    },
    "done": true
  },
  "diamethysts:weapons/diamethyst_lapis_sword": {
    "criteria": {
      "has_recipe": "2024-08-25 20:59:56 +0000"
    },
    "done": true
  },
  "diamethysts:tools/diamethyst_lapis_shovel": {
    "criteria": {
      "has_recipe": "2024-08-25 20:59:56 +0000"
    },
    "done": true
  },
  "minecraft:adventure/sleep_in_bed": {
    "criteria": {
      "slept_in_bed": "2024-08-25 21:56:51 +0000"
    },
    "done": true
  },
  "diamethysts:tools/diamethyst_prismarine_axe": {
    "criteria": {
      "has_recipe": "2024-08-25 20:59:56 +0000"
    },
    "done": true
  },
  "diamethysts:items/leather_bound_stick": {
    "criteria": {
      "has_recipe": "2024-08-25 20:59:56 +0000"
    },
    "done": true
  },
  "minecraft:adventure/kill_all_mobs": {
    "criteria": {
      "minecraft:pillager": "2024-08-25 21:31:17 +0000",
      "minecraft:skeleton": "2024-08-26 01:15:32 +0000",
      "minecraft:spider": "2024-08-25 21:18:26 +0000",
      "minecraft:cave_spider": "2024-08-25 22:45:36 +0000",
      "minecraft:stray": "2024-08-25 22:58:13 +0000",
      "minecraft:zombie": "2024-08-25 21:18:32 +0000",
      "minecraft:drowned": "2024-08-25 22:24:07 +0000",
      "minecraft:zombie_villager": "2024-08-26 01:32:26 +0000"
    },
    "done": false
  },
  "diamethysts:items/diamethyst_copper_plate": {
    "criteria": {
      "has_recipe": "2024-08-25 20:59:56 +0000"
    },
    "done": true
  },
  "diamethysts:tools/diamethyst_netherite_axe": {
    "criteria": {
      "has_recipe": "2024-08-25 20:59:56 +0000"
    },
    "done": true
  },
  "born_in_chaos_v1:fighting_nightmares": {
    "criteria": {
      "fighting_nightmares_0": "2024-08-25 21:58:57 +0000"
    },
    "done": true
  },
  "diamethysts:armor/diamethyst_emerald_horse_armor": {
    "criteria": {
      "has_recipe": "2024-08-25 20:59:56 +0000"
    },
    "done": true
  },
  "diamethysts:tools/diamethyst_diamond_hoe": {
    "criteria": {
      "has_recipe": "2024-08-25 20:59:56 +0000"
    },
    "done": true
  },
  "diamethysts:tools/diamethyst_gold_axe": {
    "criteria": {
      "has_recipe": "2024-08-25 20:59:56 +0000"
    },
    "done": true
  },
  "diamethysts:armor/diamethyst_gold_chain_horse_armor": {
    "criteria": {
      "has_recipe": "2024-08-25 20:59:56 +0000"
    },
    "done": true
  },
  "diamethysts:items/diamethyst_gold_arrow": {
    "criteria": {
      "has_recipe": "2024-08-25 20:59:56 +0000"
    },
    "done": true
  },
  "diamethysts:weapons/diamethyst_copper_scimitar": {
    "criteria": {
      "has_recipe": "2024-08-25 20:59:56 +0000"
    },
    "done": true
  },
  "diamethysts:armor/diamethyst_gold_shield": {
    "criteria": {
      "has_recipe": "2024-08-25 20:59:56 +0000"
    },
    "done": true
  },
  "ironladders:waxed_weathered_copper_ladder": {
    "criteria": {
      "has_recipe": "2024-08-25 20:59:56 +0000"
    },
    "done": true
  },
  "diamethysts:armor/diamethyst_copper_chain_helmet": {
    "criteria": {
      "has_recipe": "2024-08-25 20:59:56 +0000"
    },
    "done": true
  },
  "diamethysts:armor/diamethyst_copper_chain_leggings": {
    "criteria": {
      "has_recipe": "2024-08-25 20:59:56 +0000"
    },
    "done": true
  },
  "cyanwarriorswordsredux:recipes/smelt_furnace": {
    "criteria": {
      "has_item": "2024-08-25 20:59:56 +0000"
    },
    "done": true
  },
  "ironladders:iron_ladder_no_copper": {
    "criteria": {
      "has_recipe": "2024-08-25 20:59:56 +0000"
    },
    "done": true
  },
  "ironladders:diamond_upgrade": {
    "criteria": {
      "has_recipe": "2024-08-25 20:59:56 +0000"
    },
    "done": true
  },
  "diamethysts:weapons/diamethyst_prismarine_sickle": {
    "criteria": {
      "has_recipe": "2024-08-25 20:59:56 +0000"
    },
    "done": true
  },
  "taxov:advancement_turtle_armor": {
    "criteria": {
      "advancement_turtle_armor_0": "2024-08-25 22:55:26 +0000"
    },
    "done": false
  },
  "diamethysts:armor/diamethyst_lapis_horse_armor": {
    "criteria": {
      "has_recipe": "2024-08-25 20:59:56 +0000"
    },
    "done": true
  },
  "diamethysts:items/diamethyst_bow_lower_section": {
    "criteria": {
      "has_recipe": "2024-08-25 20:59:56 +0000"
    },
    "done": true
  },
  "diamethysts:weapons/diamethyst_copper_battle_axe": {
    "criteria": {
      "has_recipe": "2024-08-25 20:59:56 +0000"
    },
    "done": true
  },
  "diamethysts:weapons/diamethyst_quartz_sickle": {
    "criteria": {
      "has_recipe": "2024-08-25 20:59:56 +0000"
    },
    "done": true
  },
  "ironladders:wood_gold_upgrade": {
    "criteria": {
      "has_recipe": "2024-08-25 20:59:56 +0000"
    },
    "done": true
  },
  "diamethysts:weapons/diamethyst_lapis_battle_axe": {
    "criteria": {
      "has_recipe": "2024-08-25 20:59:56 +0000"
    },
    "done": true
  },
  "diamethysts:weapons/diamethyst_netherite_battle_axe": {
    "criteria": {
      "has_recipe": "2024-08-25 20:59:56 +0000"
    },
    "done": true
  },
  "diamethysts:weapons/diamethyst_diamond_bow": {
    "criteria": {
      "has_recipe": "2024-08-25 20:59:56 +0000"
    },
    "done": true
  },
  "diamethysts:tools/diamethyst_diamond_shovel": {
    "criteria": {
      "has_recipe": "2024-08-25 20:59:56 +0000"
    },
    "done": true
  },
  "mca:recipes/misc/needle_and_thread": {
    "criteria": {
      "has_item": "2024-08-25 21:18:29 +0000"
    },
    "done": true
  },
  "diamethysts:items/diamethyst_gold_hilt": {
    "criteria": {
      "has_recipe": "2024-08-25 20:59:56 +0000"
    },
    "done": true
  },
  "born_in_chaos_v1:dark_metallurgy": {
    "criteria": {
      "dark_metallurgy_0": "2024-08-25 21:59:10 +0000"
    },
    "done": true
  },
  "tombstone:adventure/cancel_ghostly_shape": {
    "criteria": {
      "coded_trigger": "2024-08-25 21:26:21 +0000"
    },
    "done": true
  },
  "apotheosis:affix/root": {
    "criteria": {
      "sword": "2024-08-25 22:00:30 +0000"
    },
    "done": true
  },
  "tombstone:adventure/chain_death": {
    "criteria": {
      "coded_trigger": "2024-08-25 22:03:39 +0000"
    },
    "done": true
  },
  "ironladders:copper_upgrade": {
    "criteria": {
      "has_recipe": "2024-08-25 20:59:56 +0000"
    },
    "done": true
  },
  "diamethysts:items/diamethyst_emerald_bow_lower_section": {
    "criteria": {
      "has_recipe": "2024-08-25 20:59:56 +0000"
    },
    "done": true
  },
  "diamethysts:weapons/diamethyst_copper_sword": {
    "criteria": {
      "has_recipe": "2024-08-25 20:59:56 +0000"
    },
    "done": true
  },
  "cyanwarriorswordsredux:recipes/upgrade_sword_beast": {
    "criteria": {
      "has_item": "2024-08-25 20:59:56 +0000"
    },
    "done": true
  },
  "minecraft:husbandry/root": {
    "criteria": {
      "consumed_item": "2024-08-25 21:27:23 +0000"
    },
    "done": true
  },
  "apotheosis:affix/chests": {
    "criteria": {
      "sword": "2024-08-25 22:16:35 +0000"
    },
    "done": true
  },
  "ironladders:netherite_ladder": {
    "criteria": {
      "has_recipe": "2024-08-25 20:59:56 +0000"
    },
    "done": true
  },
  "diamethysts:tools/diamethyst_iron_hoe": {
    "criteria": {
      "has_recipe": "2024-08-25 20:59:56 +0000"
    },
    "done": true
  },
  "tombstone:adventure/first_knowledge": {
    "criteria": {
      "coded_trigger": "2024-08-25 21:31:17 +0000"
    },
    "done": true
  },
  "diamethysts:armor/diamethyst_prismarine_chestplate": {
    "criteria": {
      "has_recipe": "2024-08-25 20:59:56 +0000"
    },
    "done": true
  },
  "farmersdelight:main/plant_all_crops": {
    "criteria": {
      "cocoa": "2024-08-25 22:32:02 +0000",
      "sugar_cane": "2024-08-25 22:30:03 +0000",
      "potato": "2024-08-25 22:30:44 +0000",
      "wheat": "2024-08-25 21:53:26 +0000"
    },
    "done": false
  },
  "diamethysts:armor/diamethyst_gold_helmet": {
    "criteria": {
      "has_recipe": "2024-08-25 20:59:56 +0000"
    },
    "done": true
  },
  "diamethysts:armor/diamethyst_copper_chain_boots": {
    "criteria": {
      "has_recipe": "2024-08-25 20:59:56 +0000"
    },
    "done": true
  },
  "diamethysts:armor/diamethyst_copper_horse_armor": {
    "criteria": {
      "has_recipe": "2024-08-25 20:59:56 +0000"
    },
    "done": true
  },
  "diamethysts:tools/diamethyst_iron_pickaxe": {
    "criteria": {
      "has_recipe": "2024-08-25 20:59:56 +0000"
    },
    "done": true
  },
  "diamethysts:weapons/diamethyst_diamond_sword": {
    "criteria": {
      "has_recipe": "2024-08-25 20:59:56 +0000"
    },
    "done": true
  },
  "diamethysts:items/diamethyst_dust": {
    "criteria": {
      "has_recipe": "2024-08-25 20:59:56 +0000"
    },
    "done": true
  },
  "mca:recipes/misc/whistle": {
    "criteria": {
      "has_item": "2024-08-25 22:25:32 +0000"
    },
    "done": true
  },
  "diamethysts:armor/diamethyst_iron_chain_horse_armor": {
    "criteria": {
      "has_recipe": "2024-08-25 20:59:56 +0000"
    },
    "done": true
  },
  "diamethysts:armor/diamethyst_emerald_chestplate": {
    "criteria": {
      "has_recipe": "2024-08-25 20:59:56 +0000"
    },
    "done": true
  },
  "diamethysts:weapons/diamethyst_iron_scimitar": {
    "criteria": {
      "has_recipe": "2024-08-25 20:59:56 +0000"
    },
    "done": true
  },
  "incendium:technical/new_player": {
    "criteria": {
      "requirement": "2024-08-25 20:59:56 +0000"
    },
    "done": true
  },
  "diamethysts:items/shield_strap": {
    "criteria": {
      "has_recipe": "2024-08-25 20:59:56 +0000"
    },
    "done": true
  },
  "diamethysts:blocks/diamethyst_block": {
    "criteria": {
      "has_recipe": "2024-08-25 20:59:56 +0000"
    },
    "done": true
  },
  "diamethysts:tools/diamethyst_lapis_axe": {
    "criteria": {
      "has_recipe": "2024-08-25 20:59:56 +0000"
    },
    "done": true
  },
  "diamethysts:items/diamethyst_prismarine_bow_lower_section": {
    "criteria": {
      "has_recipe": "2024-08-25 20:59:56 +0000"
    },
    "done": true
  },
  "cyanwarriorswordsredux:recipes/upgrade_sword_wind": {
    "criteria": {
      "has_item": "2024-08-25 20:59:56 +0000"
    },
    "done": true
  },
  "diamethysts:weapons/diamethyst_lapis_sickle": {
    "criteria": {
      "has_recipe": "2024-08-25 20:59:56 +0000"
    },
    "done": true
  },
  "diamethysts:weapons/diamethyst_bow": {
    "criteria": {
      "has_recipe": "2024-08-25 20:59:56 +0000"
    },
    "done": true
  },
  "diamethysts:armor/diamethyst_diamond_shield": {
    "criteria": {
      "has_recipe": "2024-08-25 20:59:56 +0000"
    },
    "done": true
  },
  "diamethysts:weapons/diamethyst_lapis_scimitar": {
    "criteria": {
      "has_recipe": "2024-08-25 20:59:56 +0000"
    },
    "done": true
  },
  "diamethysts:tools/diamethyst_gold_pickaxe": {
    "criteria": {
      "has_recipe": "2024-08-25 20:59:56 +0000"
    },
    "done": true
  },
  "born_in_chaos_v1:pieceof_chaos": {
    "criteria": {
      "pieceof_chaos_0": "2024-08-25 23:19:39 +0000"
    },
    "done": true
  },
  "evilcraft:fart": {
    "criteria": {
      "criteria_0": "2024-08-25 21:42:36 +0000"
    },
    "done": true
  },
  "iceandfire:iceandfire/root": {
    "criteria": {
      "tick": "2024-08-25 20:59:56 +0000"
    },
    "done": true
  },
  "diamethysts:items/diamethyst_prismarine_hilt": {
    "criteria": {
      "has_recipe": "2024-08-25 20:59:56 +0000"
    },
    "done": true
  },
  "diamethysts:items/diamethyst_quartz_bow_upper_section": {
    "criteria": {
      "has_recipe": "2024-08-25 20:59:56 +0000"
    },
    "done": true
  },
  "diamethysts:items/strung_diamond": {
    "criteria": {
      "has_recipe": "2024-08-25 20:59:56 +0000"
    },
    "done": true
  },
  "cyanwarriorswordsredux:recipes/upgrade_sword_dark": {
    "criteria": {
      "has_item": "2024-08-25 20:59:56 +0000"
    },
    "done": true
  },
  "diamethysts:tools/diamethyst_iron_axe": {
    "criteria": {
      "has_recipe": "2024-08-25 20:59:56 +0000"
    },
    "done": true
  },
  "plenty_of_golems:not_enough_golem_ad": {
    "criteria": {
      "not_enough_golem_ad": "2024-08-25 20:59:56 +0000"
    },
    "done": true
  },
  "cyanwarriorswordsredux:recipes/upgrade_sword_light": {
    "criteria": {
      "has_item": "2024-08-25 20:59:56 +0000"
    },
    "done": true
  },
  "diamethysts:weapons/diamethyst_gold_bow": {
    "criteria": {
      "has_recipe": "2024-08-25 20:59:56 +0000"
    },
    "done": true
  },
  "diamethysts:items/gold_chain_links": {
    "criteria": {
      "has_recipe": "2024-08-25 20:59:56 +0000"
    },
    "done": true
  },
  "diamethysts:weapons/diamethyst_quartz_battle_axe": {
    "criteria": {
      "has_recipe": "2024-08-25 20:59:56 +0000"
    },
    "done": true
  },
  "diamethysts:weapons/diamethyst_gold_sickle": {
    "criteria": {
      "has_recipe": "2024-08-25 20:59:56 +0000"
    },
    "done": true
  },
  "diamethysts:armor/diamethyst_diamond_leggings": {
    "criteria": {
      "has_recipe": "2024-08-25 20:59:56 +0000"
    },
    "done": true
  },
  "incendium:technical/scroll_of_returning": {
    "criteria": {
      "log_spam_fixer": "2024-08-25 20:59:57 +0000"
    },
    "done": false
  },
  "cyanwarriorswordsredux:recipes/craft_thunder_essence": {
    "criteria": {
      "has_item": "2024-08-25 20:59:56 +0000"
    },
    "done": true
  },
  "diamethysts:armor/diamethyst_quartz_chestplate": {
    "criteria": {
      "has_recipe": "2024-08-25 20:59:56 +0000"
    },
    "done": true
  },
  "apotheosis:affix/random": {
    "criteria": {
      "sword": "2024-08-25 22:00:30 +0000"
    },
    "done": true
  },
  "cyanwarriorswordsredux:recipes/craft_beast_essence": {
    "criteria": {
      "has_item": "2024-08-25 20:59:56 +0000"
    },
    "done": true
  },
  "diamethysts:weapons/diamethyst_prismarine_sword": {
    "criteria": {
      "has_recipe": "2024-08-25 20:59:56 +0000"
    },
    "done": true
  },
  "totw_modded:root": {
    "criteria": {
      "sample_trigger": "2024-08-25 20:59:56 +0000"
    },
    "done": true
  },
  "diamethysts:items/diamethyst_iron_bow_upper_section": {
    "criteria": {
      "has_recipe": "2024-08-25 20:59:56 +0000"
    },
    "done": true
  },
  "diamethysts:tools/diamethyst_copper_hoe": {
    "criteria": {
      "has_recipe": "2024-08-25 20:59:56 +0000"
    },
    "done": true
  },
  "diamethysts:items/diamethyst_lapis_bow_lower_section": {
    "criteria": {
      "has_recipe": "2024-08-25 20:59:56 +0000"
    },
    "done": true
  },
  "diamethysts:armor/diamethyst_iron_chestplate": {
    "criteria": {
      "has_recipe": "2024-08-25 20:59:56 +0000"
    },
    "done": true
  },
  "vampirism:main/ancient_knowledge": {
    "criteria": {
      "blood_container": "2024-08-25 23:10:42 +0000"
    },
    "done": true
  },
  "diamethysts:weapons/diamethyst_quartz_scimitar": {
    "criteria": {
      "has_recipe": "2024-08-25 20:59:56 +0000"
    },
    "done": true
  },
  "diamethysts:weapons/diamethyst_iron_sword": {
    "criteria": {
      "has_recipe": "2024-08-25 20:59:56 +0000"
    },
    "done": true
  },
  "mca:recipes/misc/comb": {
    "criteria": {
      "has_item": "2024-08-25 22:25:32 +0000"
    },
    "done": true
  },
  "diamethysts:items/strung_emerald": {
    "criteria": {
      "has_recipe": "2024-08-25 20:59:56 +0000"
    },
    "done": true
  },
  "diamethysts:armor/diamethyst_lapis_chestplate": {
    "criteria": {
      "has_recipe": "2024-08-25 20:59:56 +0000"
    },
    "done": true
  },
  "incendium:technical/using/ragnarok": {
    "criteria": {
      "log_spam_fixer": "2024-08-25 20:59:57 +0000"
    },
    "done": false
  },
  "diamethysts:weapons/diamethyst_gold_battle_axe": {
    "criteria": {
      "has_recipe": "2024-08-25 20:59:56 +0000"
    },
    "done": true
  },
  "diamethysts:tools/diamethyst_lapis_pickaxe": {
    "criteria": {
      "has_recipe": "2024-08-25 20:59:56 +0000"
    },
    "done": true
  },
  "diamethysts:weapons/diamethyst_copper_sickle": {
    "criteria": {
      "has_recipe": "2024-08-25 20:59:56 +0000"
    },
    "done": true
  },
  "dungeons_arise:wda_root": {
    "criteria": {
      "WDA": "2024-08-25 20:59:56 +0000"
    },
    "done": true
  },
  "ironladders:morph_upgrade": {
    "criteria": {
      "has_recipe": "2024-08-25 20:59:56 +0000"
    },
    "done": true
  },
  "diamethysts:weapons/diamethyst_gold_scimitar": {
    "criteria": {
      "has_recipe": "2024-08-25 20:59:56 +0000"
    },
    "done": true
  },
  "diamethysts:items/diamethyst_copper_chain": {
    "criteria": {
      "has_recipe": "2024-08-25 20:59:56 +0000"
    },
    "done": true
  },
  "born_in_chaos_v1:good_demoman": {
    "criteria": {
      "good_demoman_0": "2024-08-25 22:20:05 +0000"
    },
    "done": true
  },
  "ironladders:wood_netherite_upgrade": {
    "criteria": {
      "has_recipe": "2024-08-25 20:59:56 +0000"
    },
    "done": true
  },
  "tombstone:adventure/ambush": {
    "criteria": {
      "coded_trigger": "2024-08-25 21:31:17 +0000"
    },
    "done": true
  },
  "apotheosis:affix/rare": {
    "criteria": {
      "sword": "2024-08-25 22:16:56 +0000"
    },
    "done": true
  },
  "diamethysts:items/diamethyst_copper_arrow": {
    "criteria": {
      "has_recipe": "2024-08-25 20:59:56 +0000"
    },
    "done": true
  },
  "diamethysts:armor/diamethyst_gold_boots": {
    "criteria": {
      "has_recipe": "2024-08-25 20:59:56 +0000"
    },
    "done": true
  },
  "diamethysts:weapons/diamethyst_emerald_scimitar": {
    "criteria": {
      "has_recipe": "2024-08-25 20:59:56 +0000"
    },
    "done": true
  },
  "diamethysts:items/diamethyst_iron_plate": {
    "criteria": {
      "has_recipe": "2024-08-25 20:59:56 +0000"
    },
    "done": true
  },
  "ironladders:gold_upgrade": {
    "criteria": {
      "has_recipe": "2024-08-25 20:59:56 +0000"
    },
    "done": true
  },
  "diamethysts:items/diamethyst_emerald_bow_upper_section": {
    "criteria": {
      "has_recipe": "2024-08-25 20:59:56 +0000"
    },
    "done": true
  },
  "diamethysts:items/diamethyst_diamond_mesh": {
    "criteria": {
      "has_recipe": "2024-08-25 20:59:56 +0000"
    },
    "done": true
  },
  "ironladders:gold_ladder": {
    "criteria": {
      "has_recipe": "2024-08-25 20:59:56 +0000"
    },
    "done": true
  },
  "diamethysts:items/diamethyst_prismarine_bow_upper_section": {
    "criteria": {
      "has_recipe": "2024-08-25 20:59:56 +0000"
    },
    "done": true
  },
  "tombstone:adventure/first_grave": {
    "criteria": {
      "coded_trigger": "2024-08-25 21:19:48 +0000"
    },
    "done": true
  },
  "diamethysts:tools/diamethyst_prismarine_shovel": {
    "criteria": {
      "has_recipe": "2024-08-25 20:59:56 +0000"
    },
    "done": true
  },
  "diamethysts:armor/diamethyst_prismarine_shield": {
    "criteria": {
      "has_recipe": "2024-08-25 20:59:56 +0000"
    },
    "done": true
  },
  "friendsandfoes:misc/yellow_dye_from_buttercup": {
    "criteria": {
      "has_the_recipe": "2024-08-25 20:59:56 +0000"
    },
    "done": true
  },
  "diamethysts:items/diamethyst_iron_hilt": {
    "criteria": {
      "has_recipe": "2024-08-25 20:59:56 +0000"
    },
    "done": true
  },
  "diamethysts:weapons/diamethyst_netherite_sword": {
    "criteria": {
      "has_recipe": "2024-08-25 20:59:56 +0000"
    },
    "done": true
  },
  "farmersdelight:main/root": {
    "criteria": {
      "seeds": "2024-08-25 20:59:56 +0000"
    },
    "done": true
  },
  "diamethysts:weapons/diamethyst_diamond_sickle": {
    "criteria": {
      "has_recipe": "2024-08-25 20:59:56 +0000"
    },
    "done": true
  },
  "the_bumblezone:root": {
    "criteria": {
      "instant_granted": "2024-08-25 20:59:56 +0000"
    },
    "done": true
  },
  "cyanwarriorswordsredux:recipes/craft_water_essence": {
    "criteria": {
      "has_item": "2024-08-25 20:59:56 +0000"
    },
    "done": true
  },
  "minecraft:story/upgrade_tools": {
    "criteria": {
      "stone_pickaxe": "2024-08-25 21:14:51 +0000"
    },
    "done": true
  },
  "diamethysts:armor/diamethyst_quartz_helmet": {
    "criteria": {
      "has_recipe": "2024-08-25 20:59:56 +0000"
    },
    "done": true
  },
  "diamethysts:weapons/diamethyst_emerald_sickle": {
    "criteria": {
      "has_recipe": "2024-08-25 20:59:56 +0000"
    },
    "done": true
  },
  "diamethysts:items/iron_chain_links": {
    "criteria": {
      "has_recipe": "2024-08-25 20:59:56 +0000"
    },
    "done": true
  },
  "cyanwarriorswordsredux:recipes/upgrade_sword_water": {
    "criteria": {
      "has_item": "2024-08-25 20:59:56 +0000"
    },
    "done": true
  },
  "the_bumblezone:teleportation/is_near_beehive": {
    "criteria": {
      "is_near_beehive": "2024-08-25 21:32:01 +0000"
    },
    "done": true
  },
  "what_gecko:good_boy": {
    "criteria": {
      "good_boy": "2024-08-25 21:32:19 +0000"
    },
    "done": true
  },
  "cyanwarriorswordsredux:recipes/craft_dark_essence": {
    "criteria": {
      "has_item": "2024-08-25 20:59:56 +0000"
    },
    "done": true
  },
  "apotheosis:affix/gem": {
    "criteria": {
      "gem": "2024-08-25 21:56:09 +0000"
    },
    "done": true
  },
  "ironladders:wood_diamond_upgrade": {
    "criteria": {
      "has_recipe": "2024-08-25 20:59:56 +0000"
    },
    "done": true
  },
  "the_bumblezone:wiki": {
    "criteria": {
      "instant_granted": "2024-08-25 20:59:56 +0000"
    },
    "done": true
  },
  "mca:recipes/misc/potions": {
    "criteria": {
      "has_item": "2024-08-25 21:20:22 +0000"
    },
    "done": true
  },
  "diamethysts:tools/diamethyst_quartz_axe": {
    "criteria": {
      "has_recipe": "2024-08-25 20:59:56 +0000"
    },
    "done": true
  },
  "diamethysts:items/diamethyst_lapis_hilt": {
    "criteria": {
      "has_recipe": "2024-08-25 20:59:56 +0000"
    },
    "done": true
  },
  "ironladders:wood_iron_upgrade": {
    "criteria": {
      "has_recipe": "2024-08-25 20:59:56 +0000"
    },
    "done": true
  },
  "diamethysts:armor/diamethyst_lapis_shield": {
    "criteria": {
      "has_recipe": "2024-08-25 20:59:56 +0000"
    },
    "done": true
  },
  "diamethysts:armor/diamethyst_emerald_helmet": {
    "criteria": {
      "has_recipe": "2024-08-25 20:59:56 +0000"
    },
    "done": true
  },
  "ironfurnaces:coal": {
    "criteria": {
      "rainbowcoal": "2024-08-25 20:59:56 +0000"
    },
    "done": true
  },
  "cyanwarriorswordsredux:recipes/craft_mixed_essence": {
    "criteria": {
      "has_item": "2024-08-25 20:59:56 +0000"
    },
    "done": true
  },
  "diamethysts:weapons/diamethyst_emerald_sword": {
    "criteria": {
      "has_recipe": "2024-08-25 20:59:56 +0000"
    },
    "done": true
  },
  "diamethysts:tools/diamethyst_gold_hoe": {
    "criteria": {
      "has_recipe": "2024-08-25 20:59:56 +0000"
    },
    "done": true
  },
  "ironladders:waxed_exposed_copper_ladder": {
    "criteria": {
      "has_recipe": "2024-08-25 20:59:56 +0000"
    },
    "done": true
  },
  "diamethysts:items/diamethyst_emerald_hilt": {
    "criteria": {
      "has_recipe": "2024-08-25 20:59:56 +0000"
    },
    "done": true
  },
  "diamethysts:items/diamethyst_shard": {
    "criteria": {
      "has_recipe": "2024-08-25 20:59:56 +0000"
    },
    "done": true
  },
  "diamethysts:items/chain_link_maker": {
    "criteria": {
      "has_recipe": "2024-08-25 20:59:56 +0000"
    },
    "done": true
  },
  "diamethysts:weapons/diamethyst_iron_bow": {
    "criteria": {
      "has_recipe": "2024-08-25 20:59:56 +0000"
    },
    "done": true
  },
  "diamethysts:weapons/diamethyst_iron_sickle": {
    "criteria": {
      "has_recipe": "2024-08-25 20:59:56 +0000"
    },
    "done": true
  },
  "diamethysts:weapons/diamethyst_diamond_scimitar": {
    "criteria": {
      "has_recipe": "2024-08-25 20:59:56 +0000"
    },
    "done": true
  },
  "diamethysts:armor/diamethyst_copper_boots": {
    "criteria": {
      "has_recipe": "2024-08-25 20:59:56 +0000"
    },
    "done": true
  },
  "diamethysts:items/diamethyst_iron_arrow": {
    "criteria": {
      "has_recipe": "2024-08-25 20:59:56 +0000"
    },
    "done": true
  },
  "cyanwarriorswordsredux:recipes/craft_light_essence": {
    "criteria": {
      "has_item": "2024-08-25 20:59:56 +0000"
    },
    "done": true
  },
  "diamethysts:armor/diamethyst_iron_horse_armor": {
    "criteria": {
      "has_recipe": "2024-08-25 20:59:56 +0000"
    },
    "done": true
  },
  "cyanwarriorswordsredux:recipes/craft_meteothu_thu": {
    "criteria": {
      "has_item": "2024-08-25 20:59:56 +0000"
    },
    "done": true
  },
  "incendium:technical/using/trailblazer": {
    "criteria": {
      "log_spam_fixer": "2024-08-25 20:59:57 +0000"
    },
    "done": false
  },
  "diamethysts:armor/diamethyst_copper_chain_horse_armor": {
    "criteria": {
      "has_recipe": "2024-08-25 20:59:56 +0000"
    },
    "done": true
  },
  "diamethysts:armor/diamethyst_gold_leggings": {
    "criteria": {
      "has_recipe": "2024-08-25 20:59:56 +0000"
    },
    "done": true
  },
  "ironladders:copper_ladder": {
    "criteria": {
      "has_recipe": "2024-08-25 20:59:56 +0000"
    },
    "done": true
  },
  "minecraft:adventure/root": {
    "criteria": {
      "killed_something": "2024-08-25 21:11:44 +0000"
    },
    "done": true
  },
  "diamethysts:story/diamethyst_shard": {
    "criteria": {
      "diamethyst_shard": "2024-08-25 23:10:49 +0000"
    },
    "done": true
  },
  "diamethysts:armor/diamethyst_prismarine_horse_armor": {
    "criteria": {
      "has_recipe": "2024-08-25 20:59:56 +0000"
    },
    "done": true
  },
  "cyanwarriorswordsredux:recipes/sword_handle": {
    "criteria": {
      "has_item": "2024-08-25 22:49:46 +0000"
    },
    "done": true
  },
  "diamethysts:armor/diamethyst_gold_chain_chestplate": {
    "criteria": {
      "has_recipe": "2024-08-25 20:59:56 +0000"
    },
    "done": true
  },
  "ironladders:wood_iron_upgrade_no_copper": {
    "criteria": {
      "has_recipe": "2024-08-25 20:59:56 +0000"
    },
    "done": true
  },
  "mca:recipes/building_blocks/headstones": {
    "criteria": {
      "has_the_upright_recipe": "2024-08-25 20:59:56 +0000"
    },
    "done": true
  },
  "diamethysts:tools/diamethyst_netherite_pickaxe": {
    "criteria": {
      "has_recipe": "2024-08-25 20:59:56 +0000"
    },
    "done": true
  },
  "diamethysts:armor/diamethyst_copper_leggings": {
    "criteria": {
      "has_recipe": "2024-08-25 20:59:56 +0000"
    },
    "done": true
  },
  "diamethysts:items/diamethyst_diamond_arrow": {
    "criteria": {
      "has_recipe": "2024-08-25 20:59:56 +0000"
    },
    "done": true
  },
  "diamethysts:tools/diamethyst_netherite_hoe": {
    "criteria": {
      "has_recipe": "2024-08-25 20:59:56 +0000"
    },
    "done": true
  },
  "diamethysts:armor/diamethyst_quartz_shield": {
    "criteria": {
      "has_recipe": "2024-08-25 20:59:56 +0000"
    },
    "done": true
  },
  "diamethysts:items/diamethyst_prismarine_scales": {
    "criteria": {
      "has_recipe": "2024-08-25 20:59:56 +0000"
    },
    "done": true
  },
  "diamethysts:tools/diamethyst_emerald_pickaxe": {
    "criteria": {
      "has_recipe": "2024-08-25 20:59:56 +0000"
    },
    "done": true
  },
  "diamethysts:tools/diamethyst_quartz_shovel": {
    "criteria": {
      "has_recipe": "2024-08-25 20:59:56 +0000"
    },
    "done": true
  },
  "diamethysts:armor/diamethyst_gold_horse_armor": {
    "criteria": {
      "has_recipe": "2024-08-25 20:59:56 +0000"
    },
    "done": true
  },
  "cyanwarriorswordsredux:recipes/upgrade_sword_earth": {
    "criteria": {
      "has_item": "2024-08-25 20:59:56 +0000"
    },
    "done": true
  },
  "croptopia:root": {
    "criteria": {
      "root": "2024-08-25 21:39:49 +0000"
    },
    "done": true
  },
  "mca:recipes/misc/bouquet": {
    "criteria": {
      "has_item": "2024-08-25 21:43:11 +0000"
    },
    "done": true
  },
  "betterdungeons:root": {
    "criteria": {
      "always": "2024-08-25 20:59:56 +0000"
    },
    "done": true
  },
  "minecraft:adventure/kill_a_mob": {
    "criteria": {
      "minecraft:spider": "2024-08-25 21:18:26 +0000"
    },
    "done": true
  },
  "cyanwarriorswordsredux:recipes/craft_meteothu_meteo": {
    "criteria": {
      "has_item": "2024-08-25 20:59:56 +0000"
    },
    "done": true
  },
  "tombstone:recipes/from_grave_dust": {
    "criteria": {
      "has_ingredient": "2024-08-25 21:37:29 +0000"
    },
    "done": true
  },
  "diamethysts:armor/diamethyst_lapis_boots": {
    "criteria": {
      "has_recipe": "2024-08-25 20:59:56 +0000"
    },
    "done": true
  },
  "diamethysts:armor/diamethyst_lapis_helmet": {
    "criteria": {
      "has_recipe": "2024-08-25 20:59:56 +0000"
    },
    "done": true
  },
  "minecraft:adventure/adventuring_time": {
    "criteria": {
      "minecraft:bamboo_jungle": "2024-08-25 22:08:18 +0000",
      "minecraft:beach": "2024-08-25 21:31:17 +0000",
      "minecraft:sparse_jungle": "2024-08-25 22:07:45 +0000",
      "minecraft:river": "2024-08-25 21:16:00 +0000",
      "minecraft:stony_shore": "2024-08-25 21:41:17 +0000",
      "minecraft:forest": "2024-08-25 21:05:04 +0000",
      "minecraft:jungle": "2024-08-25 23:14:18 +0000",
      "minecraft:meadow": "2024-08-25 21:28:44 +0000",
      "minecraft:savanna": "2024-08-25 21:30:57 +0000",
      "minecraft:plains": "2024-08-25 20:59:57 +0000"
    },
    "done": false
  },
  "diamethysts:armor/diamethyst_emerald_shield": {
    "criteria": {
      "has_recipe": "2024-08-25 20:59:56 +0000"
    },
    "done": true
  },
  "diamethysts:items/diamethyst_copper_hilt": {
    "criteria": {
      "has_recipe": "2024-08-25 20:59:56 +0000"
    },
    "done": true
  },
  "minecraft:husbandry/plant_seed": {
    "criteria": {
      "wheat": "2024-08-25 21:53:26 +0000"
    },
    "done": true
  },
  "diamethysts:tools/diamethyst_emerald_shovel": {
    "criteria": {
      "has_recipe": "2024-08-25 20:59:56 +0000"
    },
    "done": true
  },
  "diamethysts:items/diamethyst_diamond_bow_lower_section": {
    "criteria": {
      "has_recipe": "2024-08-25 20:59:56 +0000"
    },
    "done": true
  },
  "cyanwarriorswordsredux:recipes/craft_ender_essence": {
    "criteria": {
      "has_item": "2024-08-25 20:59:56 +0000"
    },
    "done": true
  },
  "diamethysts:armor/diamethyst_netherite_helmet": {
    "criteria": {
      "has_recipe": "2024-08-25 20:59:56 +0000"
    },
    "done": true
  },
  "ironladders:hiding_upgrade": {
    "criteria": {
      "has_recipe": "2024-08-25 20:59:56 +0000"
    },
    "done": true
  },
  "diamethysts:armor/diamethyst_netherite_leggings": {
    "criteria": {
      "has_recipe": "2024-08-25 20:59:56 +0000"
    },
    "done": true
  },
  "diamethysts:tools/diamethyst_emerald_hoe": {
    "criteria": {
      "has_recipe": "2024-08-25 20:59:56 +0000"
    },
    "done": true
  },
  "diamethysts:items/diamethyst_crystal": {
    "criteria": {
      "has_recipe": "2024-08-25 20:59:56 +0000"
    },
    "done": true
  },
  "diamethysts:weapons/diamethyst_diamond_battle_axe": {
    "criteria": {
      "has_recipe": "2024-08-25 20:59:56 +0000"
    },
    "done": true
  },
  "cyanwarriorswordsredux:recipes/craft_triender_thunder": {
    "criteria": {
      "has_item": "2024-08-25 20:59:56 +0000"
    },
    "done": true
  },
  "apotheosis:give_book": {
    "criteria": {
      "tick": "2024-08-25 20:59:56 +0000"
    },
    "done": true
  },
  "cyanwarriorswordsredux:recipes/craft_triender_wind": {
    "criteria": {
      "has_item": "2024-08-25 20:59:56 +0000"
    },
    "done": true
  },
  "diamethysts:armor/diamethyst_prismarine_leggings": {
    "criteria": {
      "has_recipe": "2024-08-25 20:59:56 +0000"
    },
    "done": true
  },
  "minecraft:husbandry/balanced_diet": {
    "criteria": {
      "cooked_beef": "2024-08-25 21:33:32 +0000",
      "cookie": "2024-08-25 23:05:04 +0000",
      "apple": "2024-08-25 22:59:11 +0000",
      "bread": "2024-08-25 21:27:23 +0000",
      "melon_slice": "2024-08-25 22:20:20 +0000"
    },
    "done": false
  },
  "diamethysts:tools/diamethyst_prismarine_hoe": {
    "criteria": {
      "has_recipe": "2024-08-25 20:59:56 +0000"
    },
    "done": true
  },
  "diamethysts:items/diamethyst_knife": {
    "criteria": {
      "has_recipe": "2024-08-25 20:59:56 +0000"
    },
    "done": true
  },
  "diamethysts:tools/diamethyst_copper_shovel": {
    "criteria": {
      "has_recipe": "2024-08-25 20:59:56 +0000"
    },
    "done": true
  },
  "incendium:technical/using/shield": {
    "criteria": {
      "log_spam_fixer": "2024-08-25 20:59:57 +0000"
    },
    "done": false
  },
  "diamethysts:weapons/diamethyst_copper_bow": {
    "criteria": {
      "has_recipe": "2024-08-25 20:59:56 +0000"
    },
    "done": true
  },
  "diamethysts:armor/diamethyst_iron_boots": {
    "criteria": {
      "has_recipe": "2024-08-25 20:59:56 +0000"
    },
    "done": true
  },
  "diamethysts:armor/diamethyst_iron_leggings": {
    "criteria": {
      "has_recipe": "2024-08-25 20:59:56 +0000"
    },
    "done": true
  },
  "diamethysts:items/diamethyst_gold_plate": {
    "criteria": {
      "has_recipe": "2024-08-25 20:59:56 +0000"
    },
    "done": true
  },
  "born_in_chaos_v1:bornin_chaos": {
    "criteria": {
      "bornin_chaos_0": "2024-08-25 20:59:56 +0000"
    },
    "done": true
  },
  "cyanwarriorswordsredux:recipes/upgrade_sword_ender": {
    "criteria": {
      "has_item": "2024-08-25 20:59:56 +0000"
    },
    "done": true
  },
  "minecraft:story/mine_diamond": {
    "criteria": {
      "diamond": "2024-08-25 22:49:46 +0000"
    },
    "done": true
  },
  "diamethysts:armor/diamethyst_diamond_chestplate": {
    "criteria": {
      "has_recipe": "2024-08-25 20:59:56 +0000"
    },
    "done": true
  },
  "diamethysts:armor/diamethyst_netherite_horse_armor": {
    "criteria": {
      "has_recipe": "2024-08-25 20:59:56 +0000"
    },
    "done": true
  },
  "diamethysts:tools/diamethyst_netherite_shovel": {
    "criteria": {
      "has_recipe": "2024-08-25 20:59:56 +0000"
    },
    "done": true
  },
  "tombstone:adventure/ashes_and_bones": {
    "criteria": {
      "coded_trigger": "2024-08-25 22:03:49 +0000"
    },
    "done": true
  },
  "cyanwarriorswordsredux:recipes/upgrade_sword_thunder": {
    "criteria": {
      "has_item": "2024-08-25 20:59:56 +0000"
    },
    "done": true
  },
  "born_in_chaos_v1:the_wind_darkening": {
    "criteria": {
      "the_wind_darkening_0": "2024-08-25 22:38:44 +0000"
    },
    "done": true
  },
  "aquamirae:adventure/root": {
    "criteria": {
      "crafting_table": "2024-08-25 21:06:14 +0000"
    },
    "done": true
  },
  "diamethysts:armor/diamethyst_prismarine_boots": {
    "criteria": {
      "has_recipe": "2024-08-25 20:59:56 +0000"
    },
    "done": true
  },
  "diamethysts:armor/diamethyst_emerald_boots": {
    "criteria": {
      "has_recipe": "2024-08-25 20:59:56 +0000"
    },
    "done": true
  },
  "diamethysts:weapons/diamethyst_quartz_bow": {
    "criteria": {
      "has_recipe": "2024-08-25 20:59:56 +0000"
    },
    "done": true
  },
  "tombstone:adventure/root": {
    "criteria": {
      "auto": "2024-08-25 20:59:57 +0000"
    },
    "done": true
  },
  "diamethysts:armor/diamethyst_iron_shield": {
    "criteria": {
      "has_recipe": "2024-08-25 20:59:56 +0000"
    },
    "done": true
  },
  "minecraft:story/root": {
    "criteria": {
      "crafting_table": "2024-08-25 21:06:14 +0000"
    },
    "done": true
  },
  "diamethysts:armor/diamethyst_quartz_boots": {
    "criteria": {
      "has_recipe": "2024-08-25 20:59:56 +0000"
    },
    "done": true
  },
  "diamethysts:items/diamethyst_gold_bow_lower_section": {
    "criteria": {
      "has_recipe": "2024-08-25 20:59:56 +0000"
    },
    "done": true
  },
  "diamethysts:items/diamethyst_iron_chain": {
    "criteria": {
      "has_recipe": "2024-08-25 20:59:56 +0000"
    },
    "done": true
  },
  "diamethysts:tools/diamethyst_quartz_pickaxe": {
    "criteria": {
      "has_recipe": "2024-08-25 20:59:56 +0000"
    },
    "done": true
  },
  "diamethysts:items/diamethyst_quartz_scales": {
    "criteria": {
      "has_recipe": "2024-08-25 20:59:56 +0000"
    },
    "done": true
  },
  "diamethysts:armor/diamethyst_netherite_shield": {
    "criteria": {
      "has_recipe": "2024-08-25 20:59:56 +0000"
    },
    "done": true
  },
  "ironladders:diamond_ladder": {
    "criteria": {
      "has_recipe": "2024-08-25 20:59:56 +0000"
    },
    "done": true
  },
  "diamethysts:tools/diamethyst_diamond_pickaxe": {
    "criteria": {
      "has_recipe": "2024-08-25 20:59:56 +0000"
    },
    "done": true
  },
  "diamethysts:armor/diamethyst_copper_helmet": {
    "criteria": {
      "has_recipe": "2024-08-25 20:59:56 +0000"
    },
    "done": true
  },
  "diamethysts:armor/diamethyst_copper_chain_chestplate": {
    "criteria": {
      "has_recipe": "2024-08-25 20:59:56 +0000"
    },
    "done": true
  },
  "cyanwarriorswordsredux:recipes/craft_fire_essence": {
    "criteria": {
      "has_item": "2024-08-25 20:59:56 +0000"
    },
    "done": true
  },
  "cyanwarriorswordsredux:recipes/basic_swords": {
    "criteria": {
      "has_item": "2024-08-25 20:59:56 +0000"
    },
    "done": true
  },
  "born_in_chaos_v1:junior_summoner": {
    "criteria": {
      "junior_summoner_0": "2024-08-25 22:21:05 +0000"
    },
    "done": true
  },
  "DataVersion": 3465
}